판매처,위도,경도,주소,연락처
(경기광명)동아에스엠 소하동지점,37.433251,126.879768,경기 광명시 오리로 346,
(경기광명)드림모바일,37.477939,126.850815,"경기도 광명시  광명로865번안길 9-1 , 1층",
(경기광명)제이제이텔레콤,37.464369,126.874178,"경기도 광명시  안현로 19 (하안동,1단지상가공12호)",
(경기부천)경인정보,37.485269,126.783293,경기도 부천시 부천로 12경인정보,
(경기부천)모바일JM,37.490608,126.790566,경기도 부천시 원미구 원미로 90,
(경기부천)별샵모바일,37.484032,126.782853,"경기도 부천시 소사구  부천로 1,지하1층 166호",
(경기부천)비에프(BF)모바일,37.494630,126.783447,"경기도 부천시  부일로 516, 101호(심곡동, 에버그린)",
(경기부천)신세계통신(부천),37.473499,126.795264,경기도 부천시  소사로 171 ,
(경기부천)에스비정보통신,37.488823,126.774173,경기도 부천시 원미구  신흥로53번길 53(심곡동),
(경기부천)우리모바일,37.494140,126.790736,경기도 부천시 원미구  원미로 129 이동 1층 3호(원미동),
(경기부천)위너TFK-신중동점,37.501629,126.771772,"경기 부천시 중동로248번길 55,1층 108호 (중동,무광프라자)",
(경기부천)주식회사동아모바일(지점),37.479510,126.791267,"경기 부천시 소사로 124,1층 101호 (소사본동)",
(경기부천)지성정보통신,37.507971,126.779986,"경기도 부천시  옥산로 161 , A동 101호",
(경기부천)퍼스트파트너,37.488839,126.755346,"경기 부천시 원미구 부일로 223,1동 1층 100호 (상동,일공이공)",
(경기부천)폰가게,37.486984,126.783968,"경기도 부천시  부일로483번길 29 , 1층일부 ",
(경기부천)호랑이통신,37.519544,126.789036,경기도 부천시 삼작로 3971층,
(경기성남)폰박스,37.469565,127.141457,경기도 성남시 수정구 위례광장로 345B 108호,
(경기수원)비와이텔레콤,37.269475,126.998482,"경기도 수원시 팔달구  덕영대로 지하 907-65 ,64호 ",
(경기수원)에스엠티엠 컴퍼니,37.269279,127.001008,"경기도 수원시 팔달구  향교로1번길 22-19 , 1층6호",
(경기수원)원텔정보통신,37.269475,126.998482,"경기도 수원시 팔달구  덕영대로 지하 907-65 , 48호",
(경기수원)주식회사 폰오션 2호점,37.271699,126.942219,"경기도 수원시 권선구  금곡로118번길 64 , 101 ~ 105호",
(경기수원)초코텔레콤,37.271049,126.985275,"경기도 수원시 권선구  상탑로 129 , 1층 ",
"(경기수원)판다텔레콤,위너피플",37.245132,127.055957,경기도 수원시 영통구 영통로 195지하 1층 B103호,
(경기시흥)더차칸모바일2호점,37.369232,126.811325,"경기 시흥시 장현능곡로 192,1층 109호 (능곡동,정우빌딩)",
(경기시흥)삼성통신사무기,37.347722,126.745968,경기 시흥시 정왕동 1824-7,
(경기시흥)신세기통신(정왕),37.344075,126.746989,"경기도 시흥시  정왕시장길 29-1 , 1층 (정왕동)",
(경기시흥)이리모바일(온라인),37.382380,126.860944,"경기 시흥시 솔고개길 3-4,(목감동) 101~102호",
(경기시흥)하니 텔레콤,37.437957,126.779952,경기도 시흥시  신천5길 22(신천동),
(경기시흥)호현텔레콤,37.445473,126.797589,경기 시흥시 대야동 576 이수빌딩 116,
(경기안산)TR모바일,37.324074,126.797444,"경기도 안산시 단원구  중앙대로 445, 101호(원곡동)",
(경기안산)건풍번역사,37.329779,126.791932,"경기도 안산시 단원구  다문화1길 59 , 102호",
(경기안산)비씨모바일 선부점,37.335578,126.812659,"경기도 안산시 단원구  선부광장1로 82 , 101호 102호",
(경기안산)비씨모바일 중앙점,37.318662,126.836513,"경기도 안산시 상록구  예술대학로 17 , 111-1호, 111-2호",
(경기안산)원풍 원곡점,,,,
(경기안산)일맥상통신,37.314641,126.832643,경기 안산시 단원구 고잔동 724-4 112,
(경기안산)제이앤제이지지,37.284205,126.853198,"경기도 안산시 상록구  장화3길 44 , 1층 101호 ",
(경기안산)채봉통신,37.343241,126.805752,"경기 안산시 단원구 북촌3길 22,101호 (선부동)",
(경기안산)티케이엘텔레콤,37.326049,126.789132,"경기도 안산시 단원구  풍전로 37-24 ,319동 110호",
(경기안산)펀치모바일,37.283461,126.848927,"경기 안산시 상록구 평안로2길 11,",
(경기안산)폰상점(댜니모바일),37.294197,126.855114,"경기도 안산시 상록구  석호로 219 , 1층 101호 ",
(경기안성)휴대폰 도매프라자 롯데캐슬점(흥진),37.013188,127.226149,경기도 안성시 대덕면 서동대로 4723신령리500-20.500-24 104호,
(경기안성)휴대폰 도매프라자 본점(흥진),37.001420,127.174994,경기도 안성시 공도읍 공도로 132골드1번가 휴대폰 도매프라자,
(경기안성)휴대폰 면세점 공도점(흥진),37.000482,127.172122,경기도 안성시 공도읍 공도4로 3 1층,
(경기안성)휴대폰 면세점 안성점,37.016414,127.258299,경기도 안성시 남파로 75-1가동,
(경기안성)휴대폰멀티샵 공도점,37.000573,127.172951,"경기 안성시 공도읍 공도로 109,",031-691-6010
(경기안양)에스엠모바일,37.397023,126.921913,"경기도 안양시 만안구  안양로 301 , 지층 41호 ",
(경기안양)열린정보통신,37.391761,126.934687,경기도 안양시 만안구  덕천로 126,
(경기안양)열린정보통신(2호점),37.402755,126.913187,경기도 안양시 만안구  박달로 545 1층 103호,
(경기안양)웹컴통신,37.395452,126.920832,"경기도 안양시 만안구  냉천로 171 , 1층",
(경기안양)으뜸통신,37.395023,126.918355,"경기도 안양시 만안구  장내로 86, 1층(안양동)",
(경기안양)정민텔레콤,37.390473,126.949366,경기 안양시 동안구 비산동1107 무역센터 224,
(경기안양)탑모바일,37.413899,126.908375,"경기도 안양시 만안구  안양로 501 , 1층",
(경기오산)궐동폰,37.159343,127.065855,"경기 오산시 죽담3로 12,(궐동,단독)",
(경기오산)이루다태유-오시점 3호,37.148627,127.072409,"경기 오산시 성호대로 100,(원동,소울빌딩)",
(경기오산)주식회사 이루다태유1호,37.134002,127.068800,"경기도 오산시  오산로 79 , 105호 ",
(경기오산)주식회사 이루다태유-세교점2호,37.179487,127.038616,"경기 오산시 수목원로 462,(금암동,무한메디컬센터) 106호",
(경기오산)케이엠텔레콤,37.149968,127.068184,"경기도 오산시  오산로 255 , 1층 ",
(경기용인)시우모바일 동천점,37.346520,127.073659,경기도 용인시 수지구 동천로 691호,
(경기용인)제이피모바일,37.268497,127.214956,경기도 용인시 처인구 포곡읍 포곡로 83,
(경기용인)휴대폰상점,37.307852,127.084676,"경기도 용인시 수지구 만현로 100거묵프라자 104호, 105호",
(경기의왕)(주)씨지에스,37.319276,126.951484,경기도 의왕시  부곡시장길 23 ,
(경기평택)니하오텔레콤,36.995304,127.085577,"경기도 평택시  중앙로 19-1 , 1층",
(경기평택)베스트코리안모바일,36.994139,127.086517,"경기도 평택시  평택로64번길 33 , 1층",
(경기평택)비젼폰,36.994277,127.111922,"경기 평택시 평택5로 94,1층 11호 (비전동)",
(경기평택)세교폰,37.008529,127.090225,경기도 평택시 세교8길 341층,
(경기평택)안중폰,36.977246,126.926500,"경기 평택시 안중읍 송담5길 28-17,101호",
(경기평택)에이치엠 안중점,36.983026,126.928568,"경기도 평택시 안중읍 안현로서6길 3 , 1층",
(경기평택)이혜리핸드폰,36.992972,127.085900,"경기도 평택시  평택로 64 , 1층",
(경기평택)임란모바일,36.993494,127.084880,경기도 평택시  평택로 75,
(경기평택)제이디텔레콤 안중점,36.979395,126.921107,"경기 평택시 안중읍 안현로서8길 33,101호",
(경기평택)주식회사 나우이공이,37.017940,126.917480,경기도 평택시 청북읍 안청로2길 33-36115호,
(경기평택)총각네 텔레콤,36.990853,127.087964,"경기도 평택시  평택로32번길 1 , 1층",
(경기평택)휴대폰싸나이,36.992354,127.100663,"경기 평택시 중앙로 159,1층 101호 (비전동,드림문구)",
(경기평택)휴대폰클라쓰(포승),36.960950,126.855775,경기도 평택시 포승읍 서동대로 788휴대폰클라쓰,
(경기화성)스타통신,37.127626,126.854215,경기도 화성시 팔탄면 버들로 1339,
(본점소속)매장(과천청사점),37.427996,126.992944,"경기 과천시 별양상가로 7,124호 (별양동,벽산상가)",
(본점소속)매장(구로디지털단지점),37.484297,126.899260,서울특별시 구로구  디지털로34길 55 113호,
(본점소속)매장(범계직영점),37.390603,126.953849,경기도 안양시 동안구  평촌대로223번길 31,
(본점소속)매장(시흥대로점),37.475879,126.899032,"서울특별시 금천구  시흥대로 474(독산동,유창빌딩101호)",
(본점소속)매장(안양본점),37.398446,126.922412,경기도 안양시 만안구 안양로 292번길 8,
(본점소속)매장(풍무직영점),37.607457,126.725073,경기도 김포시  풍무로 146번길 26,
(본점소속)모연원,37.398762,126.924094,,
(본점소속)안희철,37.398762,126.924094,,
(본점소속)이종근,37.398762,126.924094,,
(본점소속)주현준,37.398762,126.924094,,
(본점소속)최경원,37.398762,126.924094,,
(본점소속)최세호,37.398762,126.924094,,
(본점소속소사장)관양직영,37.405336,126.957417,경기 안양시 동안구 관양동1397-9 1층3호,
(본점소속소사장)독산직영,37.466078,126.898119,서울 금천구 독산동 1031-5  신성빌딩 101호,
(본점소속소사장)산본직영(FC),37.359736,126.931313,경기 군포시 산본로 323번길 16-25,
(본점소속소사장)상록수직영(FC),37.301822,126.867122,경기도 안산시 상록구 용신로 403,
(본점소속소사장)석수직영,37.407434,126.898947,"경기도 안양시 만안구  충훈로 83, 101~2호(석수동,남정빌딩)",
(본점소속소사장)한세대직영,37.343764,126.950222,경기도 군포시  고산로211번길 26 1층 101호,
(서대문)주식회사 지교컴퍼니(남가좌점),37.577761,126.921837,"서울특별시 서대문구  증가로 142, 1층(남가좌동)",
(서울서대문)주식회사 지교컴퍼니(홍은점),37.599103,126.947933,"서울특별시 서대문구  홍은중앙로 94, 1층(홍은동)",
(서울서대문)지교북가좌점,37.583699,126.911841,"서울특별시 서대문구  증가로 256 , 1층",
(서울강남)원텔레콤(대치),37.510456,127.020086,"서울특별시 서초구  신반포로 332 , 1층 101호 ",
(서울강변)별하,37.537529,127.096337,서울특별시 광진구 광나루로56길 856층 D-17호,
(서울강서)별텔레콤2호점,37.560911,126.859804,"서울특별시 강서구  양천로59길 42, 1층",
(서울강서)오션모바일(가양2),37.561533,126.855077,"서울특별시 강서구  화곡로 429 , 1층 2호 ",
(서울강서)위너TFK 까치산 ,37.534437,126.837654,"서울특별시 강서구  월정로30길 31 , 1층 휴대폰매장",
(서울강서)위너TFK 내발산점,37.552758,126.826270,"서울특별시 강서구  수명로 76 , 1층 103호 ",
(서울강서)위너TFK내발산 (신방화역점),37.552716,126.826261,"서울특별시 강서구  수명로 76, 1층 103호 휴대폰할인마트(내발산동, 서울메디스테이트빌딩)",
(서울강서)하연,37.549838,126.848211,서울 강서구 화곡동 981-12,
(서울구로)진성정보통신,37.486634,126.855881,서울 구로구 개봉동348-10 제 10호,
(서울금천)금천정보,37.450441,126.910417,서울 금천구 시흥동 271-35,
(서울금천)스카이여행사,37.475979,126.897495,서울특별시 금천구  시흥대로141길 67(독산동),
(서울노원)국통신,37.654339,127.062696,서울특별시 노원구 동일로 15381층 101호,
(서울노원)정통신,37.651227,127.067014,서울특별시 노원구 한글비석로 2501층 117호,
(서울도봉)승통신,37.654687,127.045600,서울특별시 도봉구 노해로63다길 131층,
(서울동대문)루이통신,37.588807,127.045281,"서울 동대문구 왕산로 239,상가동 101호 (청량리동,힐스테이트청량리역) 1층 127호",
(서울동작)상도텔레콤,37.505501,126.947025,서울특별시 동작구  만양로 8 1층(상도동),
(서울마포)희망텔레콤,37.548039,126.914527,"서울특별시 마포구  독막로2길 12, 35호(합정동 1층)",
(서울사당)엘제이컴퍼니,37.482935,126.973311,"서울 동작구 사당로16길 14, 1층(사당동,전주사선막걸리)",
(서울서대문)정직한모바일,37.599498,126.948363,"서울 서대문구 홍은중앙로 97,1층 (홍은동)",
(서울송파)송파통신,37.497519,127.107227,서울특별시 송파구 송파대로 345상가1A동 1037호,
(서울양천)누림모바일,37.519176,126.853682,"서울특별시 양천구  중앙로 254 , 1층 (신정동)",
(서울양천)로하스,37.549026,126.864485,서울특별시 양천구 목동중앙북로7길 221층,
(서울양천)성실통신(도리 양천),37.525011,126.854869,"서울 양천구 오목로 157,(신정동,대모약국) 1층",
(서울양천)위너(TFK)목동시장점,37.548278,126.866829,"서울 양천구 목동중앙북로 29,(목동) 104호",
(서울양천)위너TFK 양천구청점,37.515309,126.862318,"서울특별시 양천구  목동동로63 , 1층 101호 휴대폰할인마트(신정동,대영프라자)",
(서울양천)위너TFK목사랑점,37.539173,126.865889,"서울특별시 양천구  목동중앙남로61 , 1층 101호",
(서울영등포)굿모닝 당산,37.529060,126.899082,"서울 영등포구 당산로 168,1층 (당산동4가,충남카센타)",
(서울은평)다올텔레콤,37.599289,126.915335,서울 은평구 역촌동 85-41 108,
(서울은평)폰샵,37.598494,126.912079,"서울특별시 은평구  은평로 37 , 1층 핸드폰매장",
(서울은평)휴대폰 성지(지교 역촌),37.602408,126.918421,"서울 은평구 진흥로1길 21,1층 1호 (역촌동,KTF)",
(수원지하)대박,37.267458,127.001460,"경기 수원시 팔달구 덕영대로 907-65,60호 (매산로1가,지하번영회사무실)",
(안양지하)시대,37.397023,126.921913,"안양　만안구　안양동1189-1  중앙지하　109,110,117,118",
(안양지하)원다리텔레콤,37.397023,126.921913,"경기 안양시 만안구 안양동 1189-1,88-1번지 A76호",
(오션)본점,37.337864,126.749974,경기 시흥시 평안상가4길 21,
(인천남구)동아모바일 학익점,37.439471,126.654738,인천광역시 남구  매소홀로 284(학익동),
(인천남구)한마음,37.462072,126.696195,"인천광역시 남동구  석산로 36 , 103호",
(인천남동)글로벌 엘투,37.447948,126.729410,인천광역시 남동구 인주대로 5391층,
(인천남동)동아모바일 만수점,37.453971,126.725170,"인천광역시 남동구  구월말로58번길 4 , 1층",
(인천남동)동아모바일 소래점,37.397469,126.711249,"인천광역시 남동구  앵고개로 928 , 1층 120호 ,121호",
(인천남동)로얄모바일,37.402325,126.723219,"인천 남동구 논고개로123번길 12,(논현동)",
(인천남동)유주컴퍼니,37.463307,126.736648,인천광역시 남동구 만수로 91층,
(인천미추홀)유정텔레콤,37.458980,126.653797,인천광역시 미추홀구 독정이로 34,
(인천미추홀)제이제이스 모바일,37.459517,126.674774,"인천광역시 미추홀구 경인로 312 , 1층 102호 ",
(인천미추홀)카인드베이프(선영텔레콤),37.456194,126.680158,인천광역시 미추홀구 미추홀대로 660-51층,
(인천서구)엠제이모바일,37.505545,126.669423,"인천 서구 석남동 532, 금호어울림상가 105호",
(인천서구)천하텔레콤,37.532528,126.644973,"인천광역시 서구  청라커낼로 270 , 1층 109호",
(인천중구)행복통신(인천),37.470332,126.627911,"인천 중구 답동 24-3 신포지하상가 70,71호",
(주)청담네트웍스,37.555616,127.084474,"서울 광진구 천호대로 597,",
(평택)더블유에스 안중,36.979354,126.926664,"경기 평택시 안중읍 안현로 322,1층 101호",
(평택)프랜드모바일,36.989875,126.844145,경기도 평택시 포승읍 여술4길 21-11층,
네트웍스대기,37.556561,126.975938,서울 중구 남대문로5가SK남산그린빌딩,
삼성적자대기,37.556561,126.975938,서울 중구 남대문로5가SK남산그린빌딩,
선린텔레텍 (주),37.317118,126.839518,"경기도 안산시 단원구  중앙대로 927 (고잔동,남양빌딩332호)",
실크로드씨유(주),37.484715,127.039798,서울 서초구 남부순환로364길 8-15,
위너블아너스(본점),37.558924,126.861955,서울특별시 강서구  양천로 551-24,
주식회사 늘봄텔레콤,37.653752,127.061169,"서울특별시 노원구  동일로 1402,1층(상계동)",
주식회사 다온네트웍스,37.738268,127.112020,"경기도 의정부시 문충로 74 , 비동 835",
지은대리점 안양도매사무실,37.398762,126.924094,"경기 안양시 만안구 만안로 201,3층 301호 (안양동,두하빌딩)",
퍼스트 파트너 판매점,37.483071,126.779548,경기 부천시 경인로 216-1,
지은대리점,37.398762,126.924094,,
(경기안양)씨씨클라쓰 2호점,37.390555,126.937401,경기도 안양시 만안구 전파로 43 1층,
(경기화성)서린글로벌 향남점,37.131021,126.922889,"경기도 화성시 향남읍 발안로 116, 107호",
(경기군포)레아모바일,37.315611,126.918453,"경기 군포시 송부로 36,102호 (도마교동) 1층",
(경기동탄)류모바일 동탄점,37.164558,127.096485,"경기도 화성시 동탄순환대로 26골든프라자2, 1층 111호",
(경기수원)성지요 인계점,37.267281,127.019297,경기도 수원시 팔달구 효원로 278파비오더씨타 1층 117호,
(경기용인)서린글로벌 광교점,37.296718,127.068611,경기도 용인시 수지구 광교중앙로 297D동 1층 104호,
(경기평택)성지요 고덕신도시점,37.056567,127.047393,경기도 평택시 고덕갈평5길 32 106호,
(경기화성)서린글로벌 봉담점,37.223946,126.947372,경기도 화성시 봉담읍 매봉로 443 104호,
(경기의왕)성지요 의왕점,37.389137,126.976892,"경기도 의왕시 내손중앙로 4, G101호 성지요",
(경기용인)성지요 동백점,37.269354,127.153268,"경기도 용인시 기흥구 동백3로11번길 3, 1층 107호",
(경기용인)에이맨모바일 신갈점,37.271188,127.105881,"경기 용인시 기흥구 신갈로 52,1층 105호 (신갈동,동인빌딩)",
(본점소속소사장)화성시청점,37.200576,126.826466,"경기 화성시 남양읍 시청로 119,102호 메인프라자",
(서울성동)성지요 옥수점,37.544215,127.015942,"서울 성동구 독서당로 228, 201호 (옥수동)",
(경기수원)도경글로벌,37.266149,127.002366,"경기도 수원시 팔달구 매산로 2-10, A동 1층 217호, 218호",
(경기안양)씨에이치모바일,37.384995,126.959884,"경기도 안양시 동안구 평촌대로 142, 105호",
(경기오산)영웅폰2호점,37.144432,127.070683,"경기도 오산시 오산로190번길 17-6, 1층",
(경기용인)어메이징모바일,37.270885,127.129786,"경기 용인시 기흥구 강남동로 21,104호 (구갈동)",
(경기평택)휴대폰멀티샵 진사점,36.993531,127.137699,경기 안성시 공도읍 서동대로 3874,031-692-4504
(서울동작)신윤티앤에스,37.495321,126.954156,"서울 동작구 상도로 376,1층 (상도동)",
(서울송파)휴대폰성지 잠실점(따르릉),37.511402,127.084913,"서울특별시 송파구 올림픽로 130, 1층",
(인천남동)매직모바일 간석점,37.465378,126.693014,"인천광역시 남동구 석정로 516, 1동 5,6호",
(인천동구)매직모바일 화평점,37.478221,126.631291,"인천광역시 동구 송화로 11, 1층 핸드폰아울렛",
(경기의왕)꾸러기통신 포일점,37.397597,126.987384,"경기 의왕시 성고개로 53,1층 113호",
(인천서구)폰매직 석남점,37.513631,126.672935,인천광역시 서구 가정로 322,
(경기광명)폰의점(광명크로앙스점),37.479467,126.855627,"경기도 광명시 오리로 970, 1층 1090호, 1091호",
(경기부천)휴대폰성지 부천점(따르릉),37.505111,126.753921,"경기도 부천시 원미구 상동로 90, 104호 휴대폰성지",
(경기평택)남부폰(제로11팀),37.065864,127.058248,"경기도 평택시 송탄로 247, 105호, 106호",
(본점소속소사장)군포당동점,37.346562,126.944325,"경기 군포시 고산로 256,1층 106호(당동)",
(서울은평)제로통신(연신내역점),37.619634,126.921509,"서울특별시 은평구 통일로 856, 1층 1044호",
(인천남동)선봉모바일2호점,37.463689,126.714232,"인천광역시 남동구 용천로 157, 1층 102호",
(인천부평)선봉모바일 3호점,37.472032,126.705295,인천광역시 부평구 동암남로13번길 27 1층,
(경기수원)BNHND(비엔에이치엔디),37.271751,127.016611,"경기 수원시 팔달구 정조로 713,(매교동,수원공인중개사)",
(서울강변)클라쓰 강변지점,37.537529,127.096337,,
(인천연수)선봉모바일,37.415002,126.676201,"인천광역시 연수구 먼우금로 197, 108, 109호",
(인천중구)매직모바일 신포점,37.474002,126.629867,"인천 중구 우현로 77,1층 (인현동,나이키)",
(인천연수)주식회사 통큰휴대폰,37.411209,126.626491,인천광역시 연수구 센트럴로 415판매시설동 1층 136호,
(일산고양)왕통신(따르릉 탄현),37.690568,126.763376,"경기도 고양시 일산서구 산현로17번길 23, 은행프라자 1층 107호",
(경기광명)도리통신 광명2호점,37.451214,126.890731,경기도 광명시 금하로 529 107호,
(경기부천)선봉모바일8호점,37.473108,126.808736,"경기 부천시 소사구 범안로 98,1층 (범박동,광림빌딩)",032-347-0722
(서울관악)휴대폰 성지(따르릉 봉천),37.486256,126.941083,"서울 관악구 은천로 51,1동 105호 (봉천동,은호빌딩)",010-2829-5112
(인천남구)청년사업단 학익점,37.444873,126.658527,"인천광역시 남구 소성로 88, 101호",032-862-9300
(인천남동)청년사업단 만수3지구점,37.443776,126.738518,"인천광역시 남동구 담방로 45, 105호 일부",010-9855-9322
(인천남동)청년사업단 만수향촌점,37.461448,126.732204,인천광역시 남동구 만수서로 56 향촌메디컬 103호,032-466-9322
(인천미추홀)청년사업단 신기점,37.448061,126.676814,인천광역시 미추홀구 인하로 258 1층,010-9009-4209
(인천부평)청년사업단 백운점,37.488375,126.709314,"인천광역시 부평구 경원대로 1252, 1층",010-7774-3111
(인천부평)청년사업단 산곡점,37.503873,126.714182,"인천광역시 부평구 원적로 429, 1층 청사단텔레콤 (휴대폰매장)",032-511-2696
(강원원주)클라쓰 원주지점,37.324561,127.988066,"강원특별자치도 원주시 세계로 3, 1층 101-1호",010-2770-9505
(인천남구)매직정보통신 주안점,37.466962,126.677697,인천 남구 석정로 380-3(주안동),032-862-4011
(경기부천)판다폰,37.485524,126.780039,"경기도 부천시 부천로 3번길 48, 까뮤즈피노키오건물 128호",010-5874-6785
(인천남동)선봉모바일10호점,37.464466,126.714241,"인천 남동구 용천로 167,101호 (간석동)",032-243-1360
(경기수원)네팔모바일,37.266619,127.001275,"경기도 수원시 팔달구 덕영대로 지하 911, 72호",010-9390-9080
(경기안산)시우모바일 중앙점,37.318854,126.834862,"경기 안산시 단원구 고잔로 76,1층 128호 (고잔동,영풍빌딩)",031-411-6616
(인천계양)휴대폰성지 작전점(따르릉),37.526775,126.722642,"인천광역시 계양구 계양대로 32, 라동 101호",010-8688-4388
(경기고양)투게더 지축,37.649582,126.914951,"경기 고양시 덕양구 지축로 62,1층 116호 (지축동,아인시티)",010-2222-9216
지은대리점(가산),37.476039,126.885976,,
(강원동해)총각(강원일반)_동해,37.520768,129.113215,강원 동해시 한섬로 126101호,
(강원동해)폰샵(강원일반)_동해,37.554452,129.101393,강원 동해시 발한로 631층,
(강원동해)휴대폰할인마트(강원일반)_동해,37.525140,129.106575,강원 동해시 천곡로 12휴대폰 할인마트,
(강원삼척)한솔통신(강원일반)_삼척,37.444172,129.165156,강원 삼척시 척주로 11한솔텔레콤,
(강원삼척)휴대폰맛집(강원일반)_삼척,37.442765,129.167000,강원 삼척시 중앙시장2길 22-451층,
(강원삼척)휴대폰할인마트(강원일반)_삼척,37.449029,129.170423,강원 삼척시 교동로 271층,
(강원원주)도경텔레콤(강원일반)_원주,37.338468,127.968324,강원 원주시 치악로 17801층 도경텔레콤,
(강원원주)여보세요(강원일반)_원주,37.341120,127.922044,강원도 원주시 시청로 11상가동 102호,
(강원원주)열정컴퍼니(강원열정)AK점_원주,37.346487,127.926871,강원 원주시 서원대로 125-5102호,
(강원원주)휴대폰마트(강원일반)_원주가현,37.343799,127.933331,강원 원주시 북원로 26971층,
(강원춘천)베스트텔레콤(강원일반)_춘천,37.879010,127.738387,강원특별자치도 춘천시 춘천로 2971층,
(강원춘천)슬기로운(강원일반)_춘천,37.870238,127.720162,강원 춘천시 방송길 70117동 101-2호,
(강원춘천)썬모바일(강원일반)_춘천,37.876472,127.727734,"강원 춘천시 중앙로67번길 50-5,(약사동)",
(강원춘천)연우프라자(강원일반)_춘천,37.879010,127.738387,강원 춘천시 춘천로 3162동 101호,
(강원춘천)프라임통신(강원일반)_춘천,37.877674,127.747471,강원 춘천시 백령로 215상가3동 101호,
(강원태백)휴대폰할인마트(강원일반)_태백,37.236413,129.044595,강원 태백시 대학길 56휴대폰할인마트,
(강원홍천)써니프라자(강원일반)_홍천,37.689723,127.880150,강원 홍천군 홍천읍 홍천로3길 161층 104호,
(강원홍천)연두프라자(강원일반)_홍천,37.706779,127.904322,강원 홍천군 홍천읍 홍천로 4351층,
(강원횡성)JS휴대폰아울렛(강원일반)_횡성,37.488862,127.985523,강원 횡성군 횡성로 401폰마트휴대폰아울렛,
(강원횡성)휴대폰성지(강원열정)_횡성2호,37.489342,127.987330,강원 횡성군 횡성읍 문정로 221층 107호,
(강원횡성)휴대폰쇼핑몰(강원열정)_횡성1호,37.485925,127.983164,강원 횡성군 횡성읍 횡성로 361-3101호,
(경기고양)두리텔레콤(2호점)_성사동,37.655671,126.837644,경기도 고양시 덕양구 호국로790번길 30두리텔레콤,
(경기고양)스마일업_덕이동,37.699780,126.757149,경기도 고양시 일산서구 하이파크2로 401동 1층 105호,
(경기고양)참통신_주엽,37.669031,126.761877,경기도 고양시 일산서구 중앙로 1425가동 1층 117호,
(경기고양)폰카페_고양동,37.714542,126.898789,경기도 고양시 덕양구 혜음로 611층 폰카페,
(경기구리)성지폰_수택,37.597278,127.143469,경기도 구리시 검배로48번길 10(수택동),
(경기남양주)KG컴퍼니_남양다산,37.624606,127.152038,경기도 남양주시 다산중앙로123번길 22-24맥스타워 1층 108호,
(경기동두천)민텔레콤_동두천,37.894408,127.056263,경기도 동두천시 평화로2313번길 17-201층,
(경기부천)명성모바일_상동,37.492990,126.761538,경기도 부천시 장말로 1981층,
(경기부천)바르다폰_중동,37.487589,126.788746,경기도 부천시 원미구 부일로 3261층 27호,
(경기부천)씨엔아이_원미,37.491862,126.786785,경기도 부천시 부천로90번길 671층 일부,
(경기부천)아인모바일_원종,37.498212,126.801815,경기도 부천시 소사로 7121층 4호,
(경기부천)에스엠정보통신_원미동,37.494776,126.793208,경기도 부천시 원미로144번길 61층,
(경기부천)일루텔레콤_심곡본동,37.480485,126.771968,경기도 부천시 소사구 성주로 2191층,
(경기부천)제이에스모바일_상동,37.506643,126.776568,경기도 부천시 길주로 741층 106호,
(경기부천)클릭모바일_송내,37.499150,126.767464,경기도 부천시 중동로 48102호,
(경기분당)휴대폰성지(따르릉 정자점),37.364906,127.117799,"경기 성남시 분당구 성남대로 345,1층 112호 (정자동,정자역프라자)",
(경기수원)우리동네핸드폰아울렛_우만동,37.284636,127.032455,경기도 수원시 팔달구 팔달문로163번길 381층,
(경기시흥)넘버원모바일_대야동,37.442289,126.790307,경기도 시흥시 비둘기공원5길 23-11층 102호,
(경기시흥)넘버원통신_은행동,37.442370,126.795743,경기도 시흥시 대은로 941층,
(경기시흥)민아모바일_정왕동,37.344448,126.736266,경기도 시흥시 중심상가3길 9105호,
(경기안양)원탑프로_석수,37.419859,126.912590,경기도 안양시 만안구 경수대로 1207114호,
(경기양주)양주성지_옥정,37.822134,127.092755,"경기 양주시 옥정로6길 18,한길프라자2동 1층 103호 (옥정동,한길프라자2)",
(경기의정부)폰쇼핑_신곡,37.733012,127.060142,경기도 의정부시 장곡로 5541동 107호,
(경기하남)노바폰_하남망월,37.563280,127.193842,"경기도 하남시 미사강변남로 125102동 114-1호 (망월동, 미사역마이움푸르지오)",
(경기하남)엠제이_하남미사,37.554503,127.182850,경기도 하남시 미사강변서로 45상가 308동 1층 108호,
(경기화성)(주)리아_화성,37.128076,126.901600,경기도 화성시 향남읍 3.1만세로 11211층,
(경기화성)맥스컴퍼니_반송,37.206093,127.073306,경기도 화성시 동탄중심상가2길 37103호,
(서울강변)지오정보통신_강변(디엠탑),37.537529,127.096337,서울특별시 광진구 광나루로56길 856층 D-57호,
(서울강북)도매폰_미아,37.617396,127.039552,서울특별시 강북구 월계로 531층 101호,
(서울강서)드림통신_화곡,37.531337,126.846681,서울특별시 강서구 강서로39길 81층,
(서울구로)블루정보_신도림(하나),37.506974,126.890319,서울특별시 구로구 새말로 97판매동 9층 47호,
(서울구로)오류정보통신_오류,37.486558,126.833816,서울특별시 구로구 서해안로 23361층,
(서울구로)주식회사 에스앰정보통신_고척,37.500977,126.847460,서울특별시 구로구 고척로 1481층(고척동),
(서울구로)주식회사 에스앰정보통신_은혜,37.501924,126.847901,서울특별시 구로구 고척로 1261층 은혜정보통신,
(서울금천)진일보_독산동,37.476146,126.903990,"서울특별시 금천구 문성로 2101호, 102호(독산동, 노블에스테이트)",
(서울노원)비젼텔레콤_공릉동,37.632476,127.074599,서울특별시 노원구 공릉로 1491층,
(서울노원)수락원텔레콤_상계동,37.654339,127.062696,서울특별시 노원구 동일로 1701106호,
(서울서초)지인샵_서초,37.483270,127.007725,서울특별시 서초구 효령로 3043층 3122호,
(서울서초)휴대폰아울렛_방배,37.489107,126.997500,서울특별시 서초구 서초대로 141층 휴대폰아울렛,
(서울송파)유앤유_마천,37.492994,127.112326,서울 송파구 마천동20번지 신동아아파트_101 상가동 102호,
(서울양천)케이_신정동,37.519526,126.852866,서울특별시 양천구 중앙로 2801층,
(서울영등포)월드스타_영등포,37.523278,126.890461,서울특별시 영등포구 영등포로 2191층,
(서울영등포)준텔레콤_영등포,37.515471,126.906682,서울특별시 영등포구 경인로 846영등포지하상가16호준텔레콤,
(서울은평)모바일SC_응암동,37.586156,126.918986,서울특별시 은평구 가좌로7길 281층 103호,
(서울중랑)휴대폰성지원조폰_망우,37.601036,127.102224,"서울 중랑구 용마산로118길 31,1층 (망우동)",
(인천계양)미니텔레콤1호점_작전동,37.532438,126.724881,인천광역시 계양구 작전시장로 20덕산빌딩 1층 미니텔레콤,
(인천계양)미니텔레콤2호점_작전동,37.532571,126.724430,인천광역시 계양구 작전시장로 81층 나호,
(인천계양)일루텔레콤_작전동,37.527517,126.722298,인천광역시 계양구 효서로 2811층,
(인천남구)골드문텔레콤_용현동,37.453335,126.637174,인천광역시 남구 낙섬서로50번길 21층,
(인천남구)청아텔레콤_문학동,37.437112,126.685756,인천광역시 남구 소성로350번길 2국일상가 103호,
(인천남동)맹호모바일_논현동,37.408731,126.729414,인천광역시 남동구 논고개로 611층 112호,
(인천남동)모아텔레콤_간석동,37.457301,126.698919,인천광역시 남동구 구월로 75-1간석동 510-31 1층 모아텔레콤,
(인천남동)새롬정보통신_만수,37.460381,126.725313,인천광역시 남동구 백범로 216가호1층,
(인천남동)수 모바일_논현동,37.408731,126.729414,인천광역시 남동구 논고개로 77101호,
(인천남동)유아이(UI)정보통신_간석,37.466438,126.694527,인천광역시 남동구 석정로 5011층 101호,
(인천남동)주연정보통신_논현동,37.403116,126.737332,인천광역시 남동구 포구로 77105호,
(인천남동)테마이동통신_간석동,37.461288,126.706037,인천광역시 남동구 석산로 1662동 1층 101호,
(인천남동)해리포터모바일_논현,37.398893,126.723613,인천광역시 남동구 앵고개로847번길 80-9107호,
(인천동구)혜성모바일_창영동,37.470007,126.640729,인천광역시 동구 샛골로73번길 4101호,
(인천미추홀)말포이모바일_주안,37.465824,126.684293,인천광역시 미추홀구 석정로440번길 201층 102호,
(인천미추홀)스카이통신_용현동,37.452054,126.637330,인천광역시 미추홀구 토금중로40번길 41층,
(인천미추홀)주연정보통신_용현동,37.457746,126.649179,인천광역시 미추홀구 독배로 417463-38 sk텔레콤 주연정보통신,
(인천미추홀)지환모바일_용현,37.448987,126.643765,인천광역시 미추홀구 용정공원로 33A-4동 106호,
(인천미추홀)크라운통신_도화,37.461988,126.669946,인천광역시 미추홀구 경인로 지하12533호,
(인천미추홀)테마_학익,37.444068,126.657802,인천광역시 미추홀구 매소홀로 3661층,
(인천미추홀)패밀리모바일_주안,37.475553,126.667701,인천광역시 미추홀구 염전로 414상가동 1층 105호,
(인천부평)나누리정보통신_부평,37.504661,126.730869,인천광역시 부평구 장제로 1551층 sk텔레콤,
(인천부평)주식회사 순백스토어_부평역점,37.485571,126.710378,인천광역시 부평구 경원대로 1415105호,
(인천부평)프리스모바일_부평,37.497933,126.721853,인천광역시 부평구 부흥로 342102호,
(인천서구)띵똥모바일_원당,37.594135,126.710788,인천광역시 서구 이음5로 392동113호,
(인천서구)주식회사 한얼정보통신_심곡,37.543804,126.676220,인천광역시 서구 탁옥로 541층,
(인천서구)휴대폰성지크크_심곡,37.543804,126.676220,"인천광역시 서구 탁옥로 311층 105호(심곡동, 태영프라자)",
(인천연수)소리샘_옥련동,37.426209,126.656383,인천광역시 연수구 한나루로 1871층 소리샘옥련,
(인천연수)테마이동통신_동춘동,37.406592,126.671838,인천광역시 연수구 앵고개로264번길 181층,
(인천중구)베스트텔레콤_답동,37.473305,126.629641,인천광역시 중구 우현로 지하 67120호,
(인천중구)싸이버텔레콤_인현동,37.474896,126.630780,인천광역시 중구 참외전로 지하 123새인천지하상가 1호.101호.102호,
(인천중구)제이모바일_영종,37.508736,126.530612,"인천 중구 자연대로 41,111호 (중산동,영종스카이스타)",
(인천중구)행복폰_동인천,37.471576,126.628361,"인천광역시 중구 우현로 지하69124, 126호",
(본점소속)김량호,37.398762,126.924094,,
(본점소속)정호식,37.398762,126.924094,,
(본점소속)박상효,37.398762,126.924094,,
(본점소속)임경승,37.398762,126.924094,,
(경기남양주)착한통신 마석점,37.658299,127.300629,"경기도 남양주시 화도읍 맷돌로 93, 101호",031-559-9994
(서울은평)HSJ (이마트 응암점),37.599991,126.919029,"서울 은평구 은평로 101,107호 (응암동,응암연립)",02-6497-5124
(인천남동)돈돈모바일_남촌,37.431603,126.715967,인천광역시 남동구 남촌동로25번길 11 1층,010-6664-1311
(인천동구)비제이모바일_만석동,37.485204,126.621242,인천광역시 동구 화도진로 187 A동 105호,032-765-8011
(경기부천)케이모바일 원종2호점,37.522872,126.807171,"경기도 부천시 오정구 소사로 748, 1층 101호",032-673-1203
(경기부천)케이모바일 원종점,37.522855,126.804577,"경기도 부천시 소사로 747, 1층",032-511-1203
(서울양천)문모바일_신월동,37.521522,126.832768,"서울특별시 양천구 지양로7길 12, 1층",070-8614-8810
(인천남동)노랑모바일 만수점,37.443243,126.738504,인천광역시 남동구 담방로 39 1층 112호 코너,032-472-8947
(경기화성)착한통신 향남점,37.114768,126.910994,경기도 화성시 향남읍 상신하길로298번길 11 110호,010-7474-7577
(서울노원)SUN모바일,37.669327,127.080554,서울특별시 노원구 덕릉로 814 1층,010-7559-5500
(서울노원)썬모바일(공릉점),37.623319,127.080425,서울특별시 노원구 공릉로38길 17 1층핸드폰쇼핑몰,010-9345-4622
(경기고양)지오텔레콤_주교동,37.656761,126.835988,"경기도 고양시 덕양구 호국로789번길 3, 1층 2호",031-593-2222
(경기양주)성지모바일_옥정동,37.822223,126.092099,경기도 양주시 옥정로6길 8 뉴블리움 116호,031-866-8326
(서울강동)털보네_천호,37.535253,127.132616,"서울특별시 강동구 천호대로 1092, 1층 109-2호",010-3366-0399
(경기부천)제이에스통신_원미,37.491816,126.786561,경기도 부천시 조종로20번길 34 1층,032-210-9357
(경기군포)우리동네1등매장 당동점,37.346791,126.944988,"경기도 군포시 군포로456번길 13 103호, 104호",010-5249-2999
(경기군포)우리동네1등매장 산본점,37.359432,126.931551,경기도 군포시 산본로323번길 16-15 101호,010-5247-2999
(경기군포)우리동네1등매장 군포역점,37.353912,126.946145,경기도 군포시 군포로 535 1층,010-5247-2999
(경기부천)케이모바일 송내점,37.491285,126.752862,"경기도 부천시 상일로 96, 1층 104호",032-322-7801
(경기양주)왕건성지_옥정동,37.814581,127.089661,"경기도 양주시 옥정로 139, 111호",031-867-8326
(인천연수)버스모바일 송도,37.391059,126.648091,"인천 연수구 해돋이로 107, H동 1층 41호 (송도동,더샵퍼스트월드아파트)",010-2421-7298
(경기부천)케이모바일 부천자유시장점,37.483073,126.779723,"경기도 부천시 소사구 경인로 218-1, 1층",032-613-7778
(경기양주)다둥이모바일_광사,37.790688,127.080014,경기도 양주시 고읍남로191번길 85-75 101호,010-7777-2242
(인천남동)케이모바일(논현점),37.402218,126.710115,"인천광역시 남동구 호구포로 218, 103호",032-433-4822
(인천부평)케이모바일 동암점,37.470419,126.707720,"인천 부평구 동암남로 38,1층 (십정동)",010-5154-5772
(인천연수)통큰휴대폰 송도2호,37.401337,126.628928,"인천 연수구 인천타워대로 365, ,A상가(103)동 113호 (송도동,힐스테이트송도더스카이)",032-832-7235
지은대리점 가산 도매 사무실,37.476039,126.885976,,
(강원원주)모바일백프로(강원일반)_원주,37.348760,127.950446,"강원 원주시 원일로 88-1, 2층",010-8297-6000
(경기여주)스마일텔레콤(강원일반)_창동,37.294228,127.635737,경기도 여주시 세종로 42스마일텔레콤,010-9335-6669
(경기여주)엔젤텔레콤(강원일반)_홍문,37.295551,127.635386,경기도 여주시 여흥로 110 1층,010-9052-2018
(경기여주)여주통신(강원일반)_하동,37.300919,127.624217,경기도 여주시 청심로 32(하동),010-8888-3827
(경기여주)폰스토리(강원일반)_하동,37.297622,127.633041,경기도 여주시 우암로 14하동 250-3번지,010-6606-7787
(경기여주)하동모바일(강원일반)_홍문,37.297575,127.636837,경기도 여주시 세종로 41 1층,010-3069-2272
(경기용인)에이맨모바일_기흥구청,37.279950,127.113488,"경기 용인시 기흥구 구갈로60번길 19,105호 (구갈동,금강프라자)",010-8007-0035
(경기화성)도비모바일_병점,37.214573,127.044409,경기도 화성시 병점1로 216-21 111호,010-4223-3706
(경기화성)우리가치_반송,37.208726,127.066409,"경기 화성시 동탄반송3길 30-18,101호 (반송동)",010-4563-8754
(인천부평)진영정보2_산곡,37.503548,126.709586,인천광역시 부평구 안남로222번길 27 101호,010-8882-1554
(서울구로)영원,37.506967,126.890350,,
(강원원주)미성텔레콤(강원일반)_우산,37.367143,127.939095,강원 원주시 우산초교길 15우산동,010-8779-3359
(경기여주)세계통신(강원일반)_홍문,37.295293,127.636083,경기도 여주시 세종로 30-1세계통신,010-4664-8582
(경기여주)광통신(강원일반)_상동,37.295329,127.639048,경기도 여주시 여흥로 142(상동) 광통신,010-6769-8000
(경기고양)착한텔레콤_토당동,37.620087,126.824303,"경기도 고양시 덕양구 지도로 33 1층, 2층",070-8612-071
(강원원주)휴대폰쇼핑몰(강원열정)_무실,37.334374,127.929961,강원 원주시 능라동길 48 109호,010-3262-0210
(경기고양)문텔레콤_행신동,37.623355,126.837032,경기도 고양시 덕양구 중앙로 542세신훼밀리타운107호,070-8612-071
(경기고양)믿음통신_마두,37.654251,126.789767,"경기 고양시 일산동구 일산로 197,마두동 152호 (마두동,센타21)",010-9090-6941
(경기수원)웰컴,37.266147,127.002405,"경기 수원시 팔달구 매산로 2-10,1층 2호 (매산로1가,수원역전시장)",010-5354-7946
(경기이천)뉴코아2,37.280047,127.445998,경기도 이천시 어재연로 42-2 1층,010-5388-7900
(서울동작)바다 텔레콤,37.512473,126.954813,"서울특별시 동작구 노량진로 254, 101호",010-7678-6861
(서울송파)동군텔레콤_문정,37.486848,127.127286,"서울특별시 송파구 송이로32길 37, 201동 3호",010-7999-8882
(서울은평)대산,37.611148,126.916815,"서울 은평구 연서로 137,1호 (구산동,명진빌딩)",070-4388-8709
(인천남동)레전드통신_구월,37.447641,126.703965,"인천 남동구 인주대로604번길 47,103호 (구월동,태을빌딩)",
(인천남동)세븐2호_만수,37.443662,126.737884,인천광역시 남동구 장승남로 51새한빌딩1층,010-9423-7649
(강원원주)휴대폰쇼핑몰(강원열정)_원주태장,37.375380,127.950595,강원 원주시 현충로 243 1층,010-4412-0040
(경기시흥)미르정보_정왕,37.363307,126.730250,경기도 시흥시 함송로 24 1층 123-2호,010-6664-2588
(경기이천)송정본가(강원본가),37.291275,127.449068,"경기도 이천시 증신로 242, 1층",010-5503-3129
(서울성북)95모바일_길음,37.607447,127.023292,"서울 성북구 삼양로 47,(길음동,정일빌딩)",010-7777-4042
(강원원주)다승텔레콤(강원일반)_개운,37.340096,127.964489,강원 원주시 반곡길 17다승텔레콤,010-3579-7900
(강원원주)문막본가(강원본가),37.310882,127.819362,강원 원주시 문막읍 건등로 10-19 1층,010-2000-1745
(강원원주)에스케이엘(강원사무실)_원주,37.318740,127.961272,강원 원주시 관설안길 8,
(경기여주)UM통신(강원일반)_세종,37.295135,127.636678,경기도 여주시 세종로 29 1층,010-3434-8888
(경기여주)구름통신(강원일반)_창동,37.298625,127.634790,"경기 여주시 청심로 129,1층 (창동)",010-8636-7584
(경기여주)비티에프(강원본가)_여주본가,37.276516,127.638090,"경기도 여주시 세종로 243, 1층 휴대폰365아울렛",010-6666-9555
(경기여주)비티에프(강원본가)_하동본가,37.295222,127.630983,"경기도 여주시 우암로 50, 3동 102호(하동)",010-6666-9555
(경기용인)비티에프(강원본가)_용인본가,37.240103,127.171464,"경기도 용인시 처인구 중부대로 1136, 1층",010-6666-9555
(서울노원)95모바일_당고개,37.670847,127.079817,서울 노원구 상계로 309, 010-7777-4042
(서울중구)동대문텔레텍_광희,37.565621,127.006376,"서울시 중구 을지로44길 12, 지하1층 9호",010-8252-8408
(인천연수)휴대폰성지(따르릉)_송도,37.398244,126.648864,"인천 연수구 신송로 164,102호 (송도동,아데니움플라자)",010-3636-2423
(강원원주)쩌니모바일(강원일반)_단구,37.330205,127.949629,"강원특별자치도 원주시 서원대로 406, 112호",010-4619-2858
(경기광주)본앤코리아(강원본가)_오포본가,37.343685,127.212191,경기도 광주시 오포로 501-61층,010-2000-1745
(강원원주)본앤코리아(강원본가)_원주본가,37.347460,127.925940,"강원 원주시 서원대로 111, 101,102호",010-2000-1745
(경기광주)본앤코리아(강원본가)_신현본가,37.356066,127.165324,경기도 광주시 능평로30번길 6-19 1층,010-2000-1745
(인천남동)골드스타본점_만수,37.461627,126.734531,"인천광역시 남동구 만수서로 76, 1층",010-3166-2600
(경기평택)안중폰2,36.984720,126.921267,경기도 평택시 안중읍 안현로서6길 72 101호,010-6685-7776
(인천서구)별마루(따르릉)_청라,37.535100,126.651552,"인천 서구 청라라임로 85,B동 114호 (청라동,청라우미린스트라우스)",010-3129-5882
(경기과천)차칸모바일_별양,37.425447,126.991882,경기 과천시 별양상가2로 35 211호 휴대폰매장,
(경기광주)경서텔레콤_경안,37.409586,127.261271,"경기 광주시 광주대로 30,273호 (경안동,광주터미널)",010-5555-8504
(경기남양주)유가통신_금곡,37.634186,127.208238,"경기도 남양주시 금곡로 45, 1층",010-3007-7526
(경기수원)로이_이의동,37.290884,127.047678,"경기도 수원시 영통구 도청로 95, 1층 212호",010-8977-7555
(경기수원)창고형핸드폰_우만동,37.279004,127.042050,경기도 수원시 팔달구 중부대로239번길 78우만동 54오 2필지,010-6575-7555
(경기안양)휴대폰성지 이노_안양본점,37.401185,126.920702,"경기도 안양시 만안구 안양로320번길 17, 1층 4호",010-9962-3992
(인천부평)휴대폰성지황소_부평,37.506492,126.730564,"인천광역시 부평구 장제로231번길 8, 102호",010-8282-2637
(경기용인)한숲폰,37.153269,127.171669,"경기 용인시 처인구 남사읍 한숲로 60,1동 201호 (처인프라자)",010-2893-6670
(경기화성)와이에이치_반송,37.210141,127.059584,경기도 화성시 동탄지성로 148 103호,010-8793-9333
(서울동작)휴대폰성지 이노_신대방,37.492357,126.925157,"서울 동작구 보라매로5길 5,상가동 140호 (신대방동,보라매우성아파트)",010-3093-4217
(경기남양주)휴대폰성지_진접,37.721692,127.194685,"경기 남양주시 진접읍 해밀예당3로 142,1동 101호",010-9977-0828
(경기수원)대박폰 매교점_세류,37.266273,127.011630,"경기 수원시 권선구 효원로 90,107호 (세류동)",010-5776-1850
(경기안산)썬모바일_본오,37.300695,126.863592,"경기도 안산시 상록구 샘골로 190, 105호",010-2038-3838
(경기평택)초심모바일_이충,37.064173,127.066641,"경기도 평택시 이충로 84-5, 101호",070-4647-4884
(본점소속소사장)송산그린시티점,37.285238,126.817507,"경기 화성시 수노을중앙로 126,1동 1층 103호(새솔동) 송산 나이스 프라자",
(서울강북)정직한스토리,37.615066,127.027490,"서울특별시 강북구 도봉로13길 49, 1층",010-5848-8080
(서울마포)위너 망원시장,37.555078,126.906507,"서울 마포구 망원로8길 53,",032-324-6777
(경기부천)케이모바일현대점_중동,37.503722,126.762676,"경기도 부천시 석천로 181, 104호",070-8834-5772
(경기평택)초심모바일_신장,37.079096,127.050223,"경기도 평택시 신장로 39, 1층",010-6381-7997
(경기김포)김포모바일_풍무,37.611815,126.732658,"경기 김포시 김포대로 703,102호 (풍무동,인선빌딩)",010-8373-1874
(경기김포)대박착한폰_통진,37.691012,126.599423,"경기 김포시 통진읍 조강로 60,1층",010-5651-6525
(경기부천)위너TFK 고강제일점,37.528233,126.813412,"경기도 부천시 오정구 성지로102번길 53, 1층",010-6438-1561
(경기남양주)YJ 컴퍼니_풍산(하남),37.556057,127.182973,경기도 하남시 미사강변서로 45 상가 308동 1층 108호,010-9977-9427
(경기안산)트리플안산_고잔,37.317183,126.838290,경기도 안산시 단원구 중앙대로 915 2층 35호,010-4608-9727
(경기화성)에스원모바일_팔탄,37.167707,126.894781,"경기 화성시 팔탄면 푸른들판로 665,(화성타운)",010-2310-3726
(경기용인)에스피_역북,37.236359,127.189407,"경기 용인시 처인구 중부대로 1299,1층 (역북동,동천빌딩)",031-335-8843
(경기수원)에스피모바일3호점_당수,37.291284,126.940741,"경기도 수원시 권선구  당진로 24,가동(당수덩,외5필지)",031-412-3895
(경기화성)화성모바일_동탄,37.195018,127.097200,"경기 화성시 동탄역로 102,0호 (오산동,동탄린스트라우스더센트럴) 동탄역 린스트라우스 판매시설 1층 1059",010-9645-4528
(경기안양)은지텔레콤_명학,37.385209,126.934139,"경기 안양시 만안구 문예로52번길 27,(안양동)",010-2232-3731
(경기부천)위너 TFK 중동점,37.500443,126.775889,"경기 부천시 원미구 조마루로297번길 61,106호 (중동,금강프라자)",032-324-6777
(경기시흥)주식회사 오션모바일_정왕1호,37.337907,126.750028,경기 시흥시 정왕동 1622-6 신관1층,031-434-3338
(경기안산)주식회사 오션모바일4호점_월피4호,37.328169,126.850756,"경기도 안산시 상록구  충장로 558(월피동,라성8차상가1층106호)",031-490-3519
(경기안산)주식회사 오션모바일 3호점_고잔8호,37.312737,126.830956,"경기도 안산시 단원구  광덕대로 182, 1층 109호(고잔동)",031-489-9738
(경기안산)주식회사 오션모바일2호점_고잔2호,37.347792,126.733901,"경기 시흥시 정왕동 1726-2 광개토빌딩106,107,108호",031-437-0604
(경기안산)에스피모바일 2호점_본오,37.295896,126.872456,"경기 안산시 상록구 각골로 71,1층 (본오동)",010-8843-3743
(경기용인)대박폰_보라,37.253921,127.110638,"경기 용인시 기흥구 한보라2로14번길 4-10,(보라동)",
소매 배정대기,37.398762,126.924094,,
(경기화성)동탄성지폰_영천,37.202916,127.124341,"경기 화성시 동탄치동천로1길 8,102호 (영천동)",070-7543-7795
(서울은평)진모바일_신사,37.598490,126.912078,"서울 은평구 은평로 37,(신사동,신성카센타)",02-6014-4001
(인천미추홀)문모바일간석_주안,37.462460,126.693224,"인천 미추홀구 주안로 226,1동 119호 (주안동,더월드스테이트)",010-6405-5933
(인천부평)듀오텔레콤_부평,37.489710,126.722676,"인천광역시 부평구 광장로 16지하2층 6호, 7호",010-4444-3176
(경기부천)휴대폰성지 이노_부천공삼이,37.508119,126.776411,경기 부천시 원미구 신흥로276번길 15 ,010-9437-4440
(경기이천)모바일랜드_창전,37.280269,127.444999,경기도 이천시 어재연로37번길 10모바일랜드,031-1588-6036
(경기안양)더트리플_안양,37.383992,126.934794,"경기 안양시 만안구 안양로 96,상가동 147호 (안양동,명학역유보라더스마트)",010-4900-2035
(서울강서)성지도매통신_등촌,37.558656,126.845155,"서울 강서구 공항대로41길 18,101호 (등촌동,상가한우리부동산)",010-6442-2923
(강원원주)L.A.S.모바일(강원일반)_단계,37.341080,127.933453,강원특별자치도 원주시 이화1길 50 1층 105호 우측상가,010-7132-0999
(경기평택)성지장당폰_이충,37.052025,127.056402,경기도 평택시 청원로 1200이충동 609-1 금강프라자 1층 폰하우스,031-668-7931
(경기화성)샤넬통신_동탄,37.202914,127.124345,경기도 화성시 동탄치동천로1길 8 102호,
(경기부천)초대박모바일_오정,37.528801,126.786297,"경기 부천시 오정구 오정로 254,1층 106호 (오정동,세종프라자)",010-4504-5608
(경기이천)서희도매통신,37.277544,127.442389,"경기 이천시 어재연로 2,(중리동,유림측량)",010-3849-4916
(본점소속)매장(안양점),37.398964,126.922881,"경기 안양시 만안구 안양로292번길 21,1층 2호(안양동)",
(경기안양)라라폰_석수,37.407446,126.898961,"경기 안양시 만안구 충훈로 83,1층 101,102호 (석수동,남정빌딩)",010-8117-1476
(서울동대문)프로통신 전농,37.567043,127.047182,서울특별시 동대문구 답십리로 56 1층,010-6616-5011
(서울광진)프로통신_군자,37.557420,127.076382,서울특별시 광진구 면목로 37 1층,010-4608-8333
(경기용인)용인텔레콤_기흥,37.274634,127.115188,"경기 용인시 기흥구 기흥역로 9,130호 (구갈동,롯데캐슬레이시티)",010-8869-0337
(경기부천)청년사업단 북교점_심곡,37.493694,126.784511,"경기 부천시 원미구 부천로 105,(심곡동)",010-7777-7882
(서울서대문)폰마트_대현,37.558137,126.943743,"서울 서대문구 이화여대5길 35,1동 4호 (대현동,신촌영타운지웰에스테이트)",010-6666-6270
(경기이천)휴대폰클라쓰_갈산,37.280972,127.456690,"경기 이천시 영창로 306,(갈산동,미광채)",031-631-6011
(경기화성)오늘의휴대폰_영천,37.207831,127.097856,경기도 화성시 동탄대로21길 10더퍼스트타워 115호,
(서울광진)케이씨코퍼레이션_광장,37.548940,127.108366,"서울 광진구 아차산로 634,워커힐케어센터동 301호 (광장동,대오빌딩)",010-4940-8980
(인천미추홀)휴대폰성지(HS)_관교동,37.445530,126.690643,인천광역시 미추홀구 주승로 181 1층 101호,
(경기부천)꿀벌텔레콤_소사본동,37.481633,126.794865,경기 부천시 소사구 소사본동70-16번지 한신더휴메트로 103동 114호,010-7678-6861
(서울동작)노들텔레콤_본동,37.512475,126.954812,"서울 동작구 노량진로 254,(본동,태평빌딩) 1층",010-7557-1452
(강원강릉)퍼팩트통신(강원일반)_강릉,37.780255,128.918030,강원특별자치도 강릉시 산양큰길22번길 47 1층,010-8191-5696
(경기안산)고고폰바고_본오동,37.299854,126.865113,"경기 안산시 상록구 본삼로 38,1동 147호 (본오동,월드상가)",010-7144-0228
(서울양천)흰비텔레콤_신정동,37.520096,126.852492,"서울 양천구 중앙로 267,1호 (신정동,햇빛빌딩)",010-9299-9945
(경기평택)엠티엠인터내셔널_세교,37.502484,127.039216,"서울 강남구 테헤란로33길 11,303호 (역삼동,제이에스빌딩)",010-3234-8447
(신설재고),37.398762,126.924094,,
(경기시흥)케이모바일(대야역점),37.450317,126.794538,경기도 시흥시 은계로 353에이스프라자상가 1층 106호 휴대폰할인매장,010-3339-4999
(경기군포)성지폰_산본동,37.357935,126.931570,"경기 군포시 번영로 489,1층 104호 (산본동,중앙타워)",010-4903-8989
(강원원주)원주휴대폰성지(강원열정)_반곡,37.332592,127.962493,"강원 원주시 늘품로 189,(반곡동) 1층",010-8080-9914
(강원원주)원주휴대폰성지(강원열정)_혁신,37.323978,127.978627,"강원 원주시 혁신로 37-1,반곡빌딩동 106호 (반곡동,반곡빌딩)",010-8119-9714
(서울강동)올리브 통신_성내동,37.535699,127.095765,서울특별시 광진구 광나루로56길 85 6층 D-69호,010-4544-4796
(경기군포)투에이치_당동,37.350837,126.944272,경기도 군포시 군포로 497 1층,010-5777-5778
(서울양천)굿모닝논스톱_신정동,37.526149,126.863300,서울특별시 양천구 오목로 233 1층 2호,010-3737-2737
(경기부천)서훈하텔레콤_소사,37.481723,126.794896,"경기도 부천시 경인옛로 25 103동B113,114호",010-8877-7182
(경기평택)포승폰(제로12팀),36.988471,126.845423,"경기 평택시 포승읍 여술4길 2,1층 상가",010-3397-9059
(경기여주)이피엘통신_홍문동,37.290019,127.634095,경기도 여주시 소양로 113 101호,010-5856-4211
(서울은평)손전화기텔레콤_역촌동,37.602886,126.911061,"서울 은평구 연서로3길 43,(역촌동) 좌측 코너",010-8330-8242
(서울마포)휴대폰성지 이노_홍대점,37.556089,126.923438,서울특별시 마포구 양화로 156지하1층 119-1호,010-2274-6336
(인천계양)HS계양_작전동,37.532077,126.725985,"인천 계양구 주부토로425번길 16,1층 104호 (작전동,비전스쿨) 상가번지",010-9238-2034
(서울서대문)신지교_남가좌,37.577500,126.923875,"서울 서대문구 증가로 124,1층 (남가좌동,홍남빌딩) 일부 휴대폰도매센터",010-2499-8775
(강원원주)해랑정보통신(강원일반)_원주단구점,37.329845,127.949281,"강원 원주시 남원로534번길 28, 1동 2호",033-765-0460
(경기화성)맥스모바일_반송,37.206548,127.073075,경기도 화성시 동탄중심상가2길 37 103호,010-5479-4770
(경기이천)우리모바일_중리동,37.279437,127.444502,경기도 이천시 중리천로 64 1층,010-3325-1500
(경기남양주)와이에스모바일_다산동,37.622718,127.152902,경기도 남양주시 다산중앙로 105-8 1층,010-7118-61111
(경기파주)파주휴대폰성지 운정점,37.729092,126.734166,경기도 파주시 청암로17번길 41 105호,010-8295-2725
(경기남양주)본앤코리아(강원본가)_오남본가,37.661287,127.179040,"경기 남양주시 진건읍 진건오남로 117,101호",010-2000-1745
(경기이천)푸른통신(강원일반)_중리동,37.277941,127.442472,경기도 이천시 어재연로 3 1층 101호,010-4321-0002
(경기김포)김포휴대폰성지 휴가파_구래동,37.645148,126.625599,경기도 김포시 김포한강9로 95 107호,010-9699-9568
(경기부천)제이제이모바일_상동,37.488839,126.755317,"경기 부천시 원미구 부일로 223,1동 1층 138호 (상동,일공이공)",010-4229-0908
(경기성남)성남통신_백현동,37.392064,127.109163,"경기 성남시 분당구 판교역로 136,1067호 (백현동,힐스테이트판교역) (7-1블럭)판매시설 제지1층",010-5514-9727
(경기이천)폰아울렛(강원일반)_관고동,37.282210,127.438730,경기도 이천시 영창로 143-1,010-9041-8472
(경기안양)폰스토리 관양점,37.404240,126.965984,경기도 안양시 동안구 관악대로 388 1층 폰스토리,010-8365-5655
(인천남동)주연정보통신_만수동,37.443234,126.737661,인천광역시 남동구 장승남로 48 1층 103호,010-8885-8447
(서울노원)휴대폰성지 노원_상계동,37.655351,127.063753,서울특별시 노원구 노해로 507 1046호,010-7135-9250
(경기광명)티에스씨 모바일_일직동,37.418756,126.882613,"경기 광명시 양지로 19,어반브릭스동 129호 (일직동,어반브릭스)",010-9995-8400
(강원원주)다온모바일(강원일반)_중앙동,37.349388,127.949388,강원특별자치도 원주시 원일로 1021층 다온모바일,010-2268-2369
(경기평택)휴대폰멀티샵 법원점(나우),37.009436,127.096436,"경기도 평택시 평남로 1035, 102호",010-4562-7010
(서울양천)신정통신(도리양천)_신정동,37.524970,126.854860,서울특별시 양천구 오목로 157 1층,010-8888-4988
(서울양천)위너TFK_신월,37.516625,126.841873,"서울 양천구 남부순환로83길 17,상가동 54호 (신월동,목동센트럴아이파크위브1단지)",010-4083-9841
(경기부천)제이디모바일 송내점_상동,37.491285,126.752862,"경기도 부천시 상일로 96, 1층 104호",032-322-7801
(경기수원)제이앤컴퍼니_세류동,37.266266,127.011644,"경기 수원시 권선구 효원로 90,107호 (세류동)",010-3333-3398
(경기수원)대박폰_매탄점,37.259324,127.043273,"경기 수원시 영통구 효원로 381,1동 1층 104호 (매탄동,새롬프라자) 16차",010-5675-6835
(경기안성)주 이루다홀딩스-지점(공도폰),36.989883,127.138790,"경기 안성시 공도읍 진사길 34,에이동 1층 118호(주은청설아파트 상가)",010-6423-5306
(서울노원)미소통신_상계동,37.665816,127.066601,서울특별시 노원구 한글비석로52길 301 층,010-3503-8778
(인천부평)매직모바일 부평점,37.517830,126.732727,인천광역시 부평구 평천로 381 1층,010-6404-6323
(경기김포)휴대폰성지 휴가파 김포점,37.645150,126.625583,"경기 김포시 김포한강9로 95,107호 (구래동,센타프라자)",010-8295-2725
(경기평택)평택휴대폰성지 청북폰,37.018005,126.915769,"경기 평택시 청북읍 안청로 336,110호 (골드테라스)",010-3397-9059
(서울영등포)삼성정보통신_영등포,37.515924,126.907344,서울특별시 영등포구 경인로 846역전지하상가 47호,010-5894-6894
(경기부천)케이모바일(원미점),37.492982,126.787220,"경기 부천시 원미구 조종로 22,105호 (원미동,뷰스테이트)",010-5787-0142
(본점소속)나동욱,37.398762,126.924094,,
안희철,37.299432,126.953274,입북동 서수원 레이크 푸르지오 203/204,
(강원원주)폰팔이황덕호 무실점,37.334882,127.930129,강원특별자치도 원주시 능라동길 51 133호,010-9822-2055
(강원춘천)폰팔이황덕호 춘천온의점,37.870232,127.720164,강원특별자치도 춘천시 방송길 771 106호,010-9822-2055
(강원원주)폰팔이황덕호 원주혁신점,37.324606,127.987726,강원 원주시 건강로 31 106호,010-9822-2055
(경기의정부)휴대폰성지 망월사역점,37.711349,127.047375,"경기 의정부시 평화로 219, 1층 휴대폰성지 (호원동)",010-5848-8080
(서울도봉)휴대폰성지 창동역점(따르릉 창동),37.654687,127.045600,서울특별시 도봉구 노해로63다길 13 1층,010-9747-7400
(서울노원)휴대폰성지 중계점(따르릉 중계),37.651227,127.067014,서울특별시 노원구 한글비석로 250 1층 117호,010-7454-9482
(서울노원)휴대폰성지 마들역점(따르릉 마들),37.654339,127.062696,서울특별시 노원구 동일로 1538 1층 101호,010-7195-5214
(경기수원)초코텔레콤,37.271024,126.985255,"경기도 수원시 권선구  상탑로 129 , 1층 ",
(경기군포)스마트폰성지(탑모바일),37.315600,126.918453,"경기 군포시 송부로 36,102호 (도마교동) 1층(도마교동,백산프라자)",010-2000-6644
(서울동작)바다폰,37.512473,126.954813,"서울 동작구 노량진로 254,1층 101호 (본동,태평빌딩)",010-7678-6861
(경기파주)핸드폰아울렛 교하,37.728328,126.733432,"경기 파주시 교하로 79, 1호 층 106호 (목동동,혜인프라자)",010-6467-8137
(경기남양주)휴대폰성지 폰통령_덕소,37.586137,127.213287,"경기 남양주시 와부읍 덕소로97번길 9,1층 105호 (일신프라자)",010-4217-7284
(경기의정부)휴대폰성지 폰통령_의정부점(고산),37.729669,127.109591,"경기 의정부시 세석로 24,1동 1층 108호 (산곡동,고산폴리프라자2)",010-5519-7247
(서울노원)휴대폰성지 노원_동대문,37.655335,127.063745,서울특별시 노원구 노해로 507 1046호,010-7135-9250
(서울구로)환희통신_구로동,37.506974,126.890319,"서울특별시 구로구  새말로 97 , 9층 194호 25번기둥 ",
(경기안산)아프리카중고폰안산중앙지사,37.317140,126.838950,"경기 안산시 단원구 중앙대로 921,1층 (고잔동,동서코아) 특9호(고잔동,동서코아)",010-3331-2905
(경기부천)(주)원투쓰리,37.500844,126.790107,"경기 부천시 원미구 조마루로 385번길 92, 부천테크노밸리 U1 CENTER 1429호 (원미동)",
(경기김포)모아폰,37.607506,126.725294,"경기 김포시 풍무로146번길 26,1층 101호 (풍무동,프라미스프라자)",010-4459-2488
(경기동두천)휴대폰성지 폰통령 동두천,37.893410,127.056499,경기도 동두천시 평화로2313번길 17-20 1층,010-5064-9897
(경기양주)휴대폰성지 폰통령 양주,37.822116,127.092746,"경기 양주시 옥정로6길 18,한길프라자2동 1층 103호 (옥정동,한길프라자2)",010-2483-2140
(서울강서)위너TFK 신월점,37.516629,126.841834,"서울시 양천구 남부순환로 83길 17, 1층 (디저트39신월점 맞은편 휴대폰매장)",02-262-5097
(서울동대문)휴대폰성지_동대문,37.566858,127.007297,"서울 중구 장충단로 247, 쇼핑몰 9층 902-24호 (을지로6가,굿모닝시티쇼핑몰)",010-7135-9250
(경기남양)YJ 컴퍼니_풍산(하남),37.624603,127.152018,경기도 남양주시 다산중앙로123번길 22-24 맥스타워 1층 108호,010-5519-7247
(경기남양주)휴대폰성지 폰통령 (다산),37.624603,127.152018,"경기 남양주시 다산중앙로123번길 22-24,1층 108호 (다산동,맥스타워) (다산동,다산진건지구 상업4-4-5)",010-2071-0826
(경기안양)폰스토리 비산점,37.404387,126.933798,"경기 안양시 동안구 비산로 22,03호 (비산동,평촌자이아이파크) 3게이트 상가 1층 03호(비산동,평촌자이아",010-9112-2517
(경기남양주)휴대폰성지 폰통령(하남),37.624546,127.152049,경기도 남양주시 다산중앙로123번길 22-24맥스타워 1층 108호,010-5519-7247
(경기남양주)휴대폰성지 폰통령(진접),37.721680,127.194640,"경기 남양주시 진접읍 해밀예당3로 142,1동 101호 ()",010-9977-0828
(경기양주)성지랜드_옥정동,37.821171,127.096786,"경기 양주시 옥정동로7길 30, 1층 107호, SD드림스퀘어 (옥정동)",010-4838-9210
(경기광주)화이트(퇴촌),37.470315,127.308093,경기도 광주시 퇴촌면 광동로 50236-2번지 2호 t-world(화이트퇴촌),010-3128-8888
(경기광주)하나텔레콤_퇴촌,37.462645,127.326193,경기도 광주시 퇴촌면 천진암로 5341층 104호,010-3400-0567
(경기남양주)휴대폰성지 폰통령(마석),37.658325,127.300639,"경기도 남양주시 화도읍 맷돌로 93, 101호",031-559-9994
(서울송파)휴대폰성지 폰통령 송파점,37.500417,127.144763,서울 송파구 마천동20번지 신동아아파트_101 상가동 102호,010-7618-1479
(강원원주)부림텔레콤(강원일반)_중앙,37.347149,127.953337,"강원 원주시 중앙로 40,(중앙동,프로월드컵)",033-746-9777
(강원원주)효림텔레콤(강원일반)_중앙,37.351092,127.950533,"강원 원주시 평원로 61,1동 1층 4호 (중앙동,원주한의원)",033-746-4888
(강원춘천)최강통신(강원일반)_퇴계동,37.854351,127.730841,"강원 춘천시 안마산로 133,제상가 에이2동 102호(퇴계동,퇴계이편한세상한숲시티)",010-8787-7379
(경기과천)글로벌인베스트_별양동,37.428302,126.992500,경기도 과천시 별양상가1로 25렉스타운108호,
(경기군포)SB통신_당동,37.350004,126.944105,"경기도 군포시 군포로 487 103호, 104호",010-7548-6987
(경기군포)디엠비통신_금정동,37.361447,126.941164,"경기도 군포시  금재로 8, 상가동 1층 37호(금정동, 신환아파트)",
(경기군포)로얄텔레콤_산본동,37.369458,126.937762,"경기 군포시 산본천로 177,1층 (산본동,개나리빌딩)",
(경기군포)우리동네1등매장 산본시장점,37.372184,126.935263,"경기 군포시 고산로 695,1층 102호 (산본동,산본타운)",031-341-0500
(경기안양)다인통신 연성대점_안양동,37.396817,126.913745,"경기도 안양시 만안구  양화로 37 , 1층 (안양동)",
(경기안양)씨씨인베스트먼트_호계동,37.382121,126.951698,"경기 안양시 동안구 귀인로 108,1층 106호 (호계동,융창빌딩)",031-427-5958
(경기안양)씨씨클라쓰_안양동,37.399643,126.924046,"경기도 안양시 만안구 만안로 210, 1층 103호",
(경기안양)아트텔레콤_안양동,37.387533,126.930334,"경기도 안양시 만안구  안양로 149  , 101",
(경기안양)폰스타4호_비산동,37.391522,126.951181,"경기 안양시 동안구 시민대로 181,1층 (비산동,삼성생명평촌사옥)",010-8480-0180
(경기여주)신화텔레콤(강원일반)_홍문동,37.291861,127.635658,경기도 여주시 세종로 67219-1 경기도 여주군 여주읍 홍문리219-1,010-5404-1313
(경기이천)정통신(강원일반)_장호원,37.116468,127.630165,경기도 이천시 장호원읍 장감로 68-8,010-6363-2212
(경기이천)휴대폰상점(강원일반)_창전동,37.281554,127.444338,"경기 이천시 영창로193번길 8,(창전동,고기촌)",010-5477-5544
(경기김포)한얼정보통신_감정,37.626279,126.696465,경기도 김포시 중봉로 41층,
(경기부천)씨엔아이 2호점_심곡,37.490859,126.784523,"경기 부천시 원미구 부천로 76,1층 2호 (심곡동,상가내)",010-7900-4898
(경기부천)아이정보 강남시장_도당,37.507234,126.780452,경기도 부천시 옥산로 152 1층,010-8958-0030
(경기부천)아이정보통신 옥산_도당,37.505710,126.780529,경기도 부천시 원미구 옥산로138번길 111층,
(경기부천)휴대폰성지 올인폰_송내,37.483460,126.762383,"경기 부천시 소사구 경인로 64,102호 (송내동)",
(경기시흥)(주)가온텔레콤_대야,37.433528,126.782957,"경기 시흥시 복지로 15,101상가동 209호 (신천동,시흥5차대우푸르지오아파트)",
(경기시흥)골든_조남,37.373977,126.862211,"경기 시흥시 동서로 1085,(조남동,장미상가)",
(경기시흥)더차칸모바일1호점_대야,37.445232,126.797857,"경기 시흥시 은행로167번길 7,1층 (대야동,크리스탈빌딩)",
(경기시흥)로얄텔레콤_배곧,37.373831,126.734536,"경기 시흥시 배곧4로 103,상가동 105호 (배곧동,대경프라자)",010-2462-4751
(경기시흥)리버스모바일_거모,37.356983,126.772941,"경기 시흥시 군자로 332,(거모동,새천년부동산) 가운데",010-8388-0448
(경기시흥)은 컴퍼니_월곶,37.389859,126.741410,경기도 시흥시 월곶중앙로30번안길 33102호,
(경기시흥)이리모바일_목감,37.382380,126.860944,"경기도 시흥시  솔고개길 3-4 , 101호 102호 ",
(경기시흥)이리모바일2호_장곡,37.360331,126.783046,"경기 시흥시 황고개로 520,101호 (장곡동)",
(경기시흥)차차모바일_정왕,37.353459,126.724714,"경기 시흥시 정왕대로 74,(정왕동,트윈프라자1) 104-1호",
(경기시흥)폰가게_거모,37.344998,126.784628,"경기도 시흥시 군자로504번길 1, 1층 105호",
(경기시흥)폰포유_정왕,37.344448,126.736266,경기도 시흥시 중심상가3길 10103호,
(경기시흥)휴대폰성지 도매폰_정왕,37.344961,126.734819,경기도 시흥시 중심상가로 178 102호,010-5445-5195
(경기안산)김자매통신_초지,37.310808,126.815133,경기도 안산시 단원구 초지로 1281층 107호,
(경기안산)라온모바일_일동,37.308763,126.862561,경기도 안산시 상록구 석삼말로 17102호,
(경기안산)미라클_초지,37.307552,126.824159,경기도 안산시 단원구 광덕1로 611층 110호,
(경기안산)스마트정보_본오,37.299832,126.857858,경기도 안산시 상록구 석호로 315127동 106호,
(경기안산)제이비모바일_원곡,37.326049,126.789132,"경기도 안산시 단원구  풍전로 37-24 , 317동 109호",
(경기안산)제이제이모바일_선부,37.335539,126.807152,"경기 안산시 단원구 선부광장1로 10,1층 115호 (선부동,동양빌딩)",010-8758-7858
(경기안산)캡틴모바일_원곡,37.328649,126.789120,"경기도 안산시 단원구  중앙대로 447, 1층(원곡동)",
(경기안산)쿨통신_본오,37.293781,126.862692,"경기 안산시 상록구 샘골로 111,105호 (본오동,강남빌딩)",031-502-1540
(경기평택)엠.T.K MOBILE_평택,36.993723,127.086688,"경기 평택시 평택로64번길 24,(평택동,레드핀옷가게)",010-7523-0919
(서울영등포)해피텔레콤_신길,37.514557,126.918788,서울특별시 영등포구 영등포로 363-21층,
(서울용산)요지통신(도리용산)_용산,37.532969,126.965053,"서울 용산구 새창로 181,21동 1078호 (한강로2가,선인상가)",010-8888-4988
(인천계양)초대박모바일 2호점,37.540628,126.724989,"인천 계양구 주부토로501번길 35,1층 (계산동)",010-4504-5608
(인천남동)거북텔레콤_남촌,37.431635,126.715201,인천광역시 남동구 남촌동로 301층,
(인천서구)엠제이통신_왕길,37.601442,126.658760,"인천 서구 완정로 153,(왕길동,이레메디칼센타) 103호",010-9870-1910
(인천서구)제이정보통신_가정,37.517634,126.674503,인천광역시 서구 원창로 225-11층,
(인천서구)진성정보통신_석남,37.511501,126.672294,인천광역시 서구 가정로 297진성정보통신,
(인천서구)패밀리모바일_가정,37.526761,126.666268,인천광역시 서구 봉오재3로 66상가동 1동 107호,
(인천서구)패밀리모바일_연희,37.549288,126.674107,인천광역시 서구 연희로 201층 101호,
(경기고양)화정 휴대폰성지(따르릉 화정),37.630465,126.832056,"경기도 고양시 덕양구 화신로 263, 109호",
(경기광명)휴대폰성지_소하동(따르릉 광명),37.448477,126.884062,"경기 광명시 금하로 464,상가동 118호 (소하동,메이저리치안)",
(경기구리)휴대폰성지 구리점_수택동(따르릉 구리),37.591798,127.139521,경기도 구리시 이문안로 1311층,
(경기김포)휴대폰성지_구래동(따르릉 김포),37.644765,126.626825,경기도 김포시 김포한강9로76번길 371층 101호,
(경기남양주)휴대폰성지 평내호평점(따르릉 평내),37.645671,127.234693,"경기도 남양주시 경춘로1256번길 10, 102호",010-8553-9995
(경기수원)건이모바일_탑동,37.268710,126.975780,"경기도 수원시 권선구  하탑로 38 , 1층",
(경기수원)미소레모바일_수원지하,37.266787,127.000803,경기도 수원시 팔달구 덕영대로 지하911 역전지하도상가 내 35호,010-9931-3211
(경기수원)승현_율전동,37.297850,126.970732,"경기도 수원시 장안구  서부로 2119 , 1층",
(경기수원)아빠통신_원천동,37.266861,127.059047,"경기도 수원시 영통구 중부대로448번길 100, 106호",
(경기수원)에이치케이_금곡동,37.273848,126.937926,수원시 권선구 금호동 520 LG빌리지 종합상가,
(경기수원)예울투_이의동,37.292775,127.050159,경기도 수원시 영통구 센트럴타운로 106센트럴프라자 116호,
(경기수원)조아모바일_율전동,37.298461,126.969839,경기도 수원시 장안구 서부로2123번길 28102호,
(경기수원)짱구모바일_율전동,37.298583,126.969156,"경기 수원시 장안구 율전로 104,1층 102호 (율전동,청수빌딩)",
(경기수원)한양_수원지하,37.267448,127.000868,"경기 수원시 팔달구 덕영대로 911,(매산로1가) 지하층 52호",
(경기시흥)휴대폰성지 배곧(따르릉 시흥),37.368738,126.729645,경기도 시흥시 서울대학로278번길 43-7 113호,010-5275-4448
(경기안산)금영미래통신_원곡동,37.330535,126.791257,경기 안산시 단원구 원곡동 793 103호,
(경기안산)인아정보통신_원곡동,37.328695,126.789385,"경기도 안산시 단원구  다문화1길 3 , 103호 ",
(경기안산)지성통신_원곡동,37.329126,126.789931,"경기 안산시 단원구 다문화2길 2,1층 (원곡동)",010-6644-6446
(경기안산)핸드폰성지_선부동,37.333810,126.812076,"경기 안산시 단원구 삼일로 310,103호 (선부동,서울프라자)",
(경기안양)후폰_안양1동,37.401188,126.920702,"경기 안양시 만안구 안양로320번길 17,1층 4호 (안양동,모텔라인)",010-9537-3992
(경기안양)휴대폰성지 평촌호계점(따르릉 평촌),37.383004,126.959631,"경기 안양시 동안구 평촌대로 123,(호계동,태양프라자) 1층 106호",010-4009-4437
(경기양주)휴대폰성지 옥정점(따르릉 옥정),37.818624,127.092083,"경기도 양주시 회천남로 92, 1층 102호",070-7543-5399
(경기오산)대박폰(세교점)_금암동,37.175281,127.049963,"경기 오산시 수목원로 466,106호 (금암동)",
(경기용인)대박폰 청덕점,37.296447,127.152075,"경기 용인시 기흥구 구성3로28번길 32,104호 (청덕동,일월프라자)",010-5675-6835
(경기용인)대박폰(수지점)_풍덕천동,37.321547,127.093548,"경기 용인시 수지구 풍덕천로96번길 3-5,(풍덕천동) 1층",
(경기용인)피케이(PK)텔레콤_보라동,37.254314,127.109919,"경기도 용인시 기흥구  한보라1로 5 , 104호",
(경기용인)휴대폰성지 타요통신(따르릉 죽전),37.328772,127.124445,경기도 용인시 수지구 대지로 191층 101호,
(경기용인)휴대폰센터 마북점,37.279943,127.113501,"경기 용인시 기흥구 구갈로60번길 19, 105호 (구갈동,금강프라자)",070-8211-0728
(경기의왕)공룡통신_삼동,37.321197,126.949903,"경기도 의왕시  부곡중앙로 9 , 1층",
(경기하남)따따봉통신_미사(따르릉 하남),37.562411,127.193472,경기도 하남시 미사강변동로 82101호,
(경기하남)휴대폰성지 위례중앙점(따르릉 위례중앙),37.475170,127.152444,"경기도 하남시 위례중앙로 215, 1동 105호",010-7145-5433
(경기화성)대박폰(봉담점)_동화리,37.217209,126.958614,"경기 화성시 봉담읍 동화길 81-10,1층 111호 (상도프라자)",031-278-6969
(경기화성)에스티모바일_진안동,37.213995,127.041327,경기도 화성시  효행로 1043 ,
(경기화성)폰통신동탄_영천동,37.203945,127.122524,경기도 화성시 동탄치동천로3길 6-17 102호,010-7773-3093
(서울강남)스카이통신_대치(따르릉 대치),37.502124,127.059690,서울특별시 강남구 삼성로 221102호,
(서울강동)나이스통신_고덕(따르릉 강동),37.556094,127.154451,서울특별시 강동구 고덕로 353118호,
(서울강북)휴대폰성지 강북점(따르릉 미아),37.618428,127.021609,"서울 강북구 삼양로 162,106호 (미아동)",010-8005-4262
(서울강북)휴대폰성지 외대역점(따르릉 외대),37.597342,127.060633,"서울 동대문구 이문로 116, 1동 1층 101호 휴대폰성지 (이문동,그레이스힐타운)",010-8030-9482
(서울강서)이통신_우장산(따르릉 이통신),37.551290,126.841753,서울특별시 강서구 강서로 242124호,
(서울노원)휴대폰성지 노원역점(따르릉 노원),37.656350,127.062217,"서울 노원구 상계로 65, 112호 (상계동,현성빌딩)",010-8030-9482
(서울마포)폰덕후_대흥동(따르릉 신촌),37.549445,126.942085,서울특별시 마포구 대흥로 1832동 1층 104호,
(서울서대문)가좌 휴대폰성지(따르릉 북가좌),37.576408,126.914522,"서울특별시 서대문구 거북골로14길 32, 상가동 지하3층 106호 휴대폰성지",
(서울서대문)에스앤에이치모바일_남가좌,37.577497,126.923881,서울특별시 서대문구 증가로 124 1층 우측호,010-5851-5831
(서울서초)휴대폰성지 서초점(따르릉 서초),37.488636,127.027645,"서울 서초구 효령로 403,(서초동) 1층 137호",
(서울성북)월곡통신(따르릉 하월곡),37.607033,127.036875,서울특별시 성북구 오패산로 46110호,
(서울송파)별 통신_위례(따르릉 위례광장점),37.478356,127.142357,서울특별시 송파구 위례광장로 270G-132호,
(서울송파)휴대폰성지 송파점(따르릉 송파),37.497499,127.107211,"서울 송파구 송파대로 345,AB존동 1037호 (가락동,송파헬리오시티) 1A동 1층 1037호",010-4478-4521
(서울양천)양천본점통신_신정(따르릉 양천),37.517728,126.853626,"서울 양천구 중앙로 237,(신정동,상운빌딩) 1층",
(서울양천)휴대폰성지 목동역점(따르릉 목동),37.527440,126.864416,"서울 양천구 목동로 210,103호 (목동,타운빌딩)",010-6442-8696
(서울영등포)휴대폰성지 신풍점(따르릉 신풍),37.503681,126.912591,"서울 영등포구 신길로28길 9,상가동 B209호 (신길동,힐스테이트클래시안)",
(서울은평)휴대폰성지 불광본점(따르릉 불광),37.611466,126.929325,"서울 은평구 통일로 738,(불광동) 1층 제1호 내제1층2호(불광동)",010-5639-7954
(서울중구)에이치에스 모바일_광희동,37.567492,127.008143,서울특별시 중구 을지로6가 18-35 헬로우 apm 지하1층35호,
(인천서구)휴대폰성지 루원시티점_가정(따르릉 루원),37.504928,126.671802,"인천 서구 가정로 406,",
(경기용인)에이맨모바일_구갈동,37.272603,127.128564,"경기 용인시 기흥구 강남로 9,104호 (구갈동,태평양프라자)",
(경기평택)휴대폰멀티샵 서정점,37.056855,127.059011,경기 평택시 송탄로 147,
(경기안성)휴대폰멀티샵 옥산점,37.012493,127.248965,"경기 안성시 중앙로 180,",031-671-5010
(경기평택)휴대폰멀티샵 소사벌점,37.002456,127.114582,"경기 평택시 비전4로 47, 1층 (비전동,강일빌딩)",
(경기용인)휴대폰상점_상현동,37.307839,127.084666,"경기도 용인시 수지구 만현로 100거묵프라자 104호, 105호",010-2224-4886
(경기부천)Feel(심곡동),37.484029,126.782858,"경기 부천시 소사구 부천로 1,101호 (심곡본동,부천지하상가)",010-3791-7676
(경기평택)휴대폰클라쓰 평택시청점,36.989992,127.113188,경기도 평택시 평택5로20번길 39 1층 105호,
(서울노원)휴대폰성지 폰통령 노원점,37.659827,127.073175,"서울 노원구 한글비석로 384,1동 128호 (중계동,대호프라자아파트)",010-5555-7615
(경기안성)휴대폰멀티샵 계동점,37.014905,127.264837,경기 안성시 안성맞춤대로 794,031-673-7010
(서울동대문)휴대폰성지 장안동점,37.571680,127.069837,"서울 동대문구 장한로 119,108호 (장안동,삼성쉐르빌) 1층 (장안동,장안삼성쉐르빌)",010-8001-0553
(서울강동)휴대폰성지_둔촌(따르릉 둔촌역),37.529077,127.136317,"서울특별시 강동구 양재대로 1377, 207-1-1호 (성내동,삼원빌딩)",010-9206-9759
(서울광진)지오정보통신_구의동,37.537529,127.096337,"서울 광진구 광나루로56길 85,(구의동,테크노-마트21) D57호(구의동,테크노-마트21)",010-7591-6256
(전라전주)유한회사 센터,35.815522,127.104755,"전북 전주시 완산구 홍산남로 28, 3층 301호 (효자동2가)",010-4935-3800
주식회사 제이제이컴퍼니,35.814551,128.521041,"대구 달서구 진천로 75-26, 4층 (진천동)",
주식회사 에스유티,36.362453,127.377881,"대전 서구 월평북로 85, 438동 1호 (월평동,학산빌딩)",010-5661-1991
(경기수원)폰마트 수원점,37.271650,126.975531,"경기 수원시 권선구 상탑로39번길 12-2,101호 (탑동,동원)",010-4036-2634
(서울강동)휴대폰성지 둔촌역점(따르릉 둔촌),37.529323,127.136294,"서울특별시 강동구 양재대로 1377, 2층 207-1-1호",010-9182-8526
(인천부평)나누리통신,37.499482,126.730269,"인천 부평구 장제로 155,1층 (부평동,미담꽃집)",010-7200-2596
(경기김포)대박모바일,37.691006,126.599423,"경기 김포시 통진읍 조강로 60,1층 ()",010-5645-1979
(인천남동)휴대폰성지 우주모바일_간석동,37.457072,126.696874,인천광역시 남동구 구월로 60 1층,010-8008-8408
(경기고양)디에스모바일_장항(따르릉 일산),37.661568,126.768587,경기도 고양시 일산동구 무궁화로 32-34 121호,
(서울강북)휴대폰성지 따르릉통신 수유점(따르릉 수유),37.632846,127.023780,서울특별시 강북구 도봉로 272 1층,010-8445-2337
(서울성북)휴대폰성지 성신여대점,37.593464,127.017519,"서울 성북구 동소문로 113-1, 1층",
(경기광주)새한정보통신,37.470315,127.308093,경기도 광주시 퇴촌면 광동로 50236-2번지 2호 t-world(화이트퇴촌),
(경기양주)아벨통신_고암(SMT),37.834928,127.074205,"경기도 양주시 고암길 208, 110호",010-9924-4802
(경기수원)폰마트 수원점_탑동,37.271649,126.975539,"경기 수원시 권선구 상탑로39번길 12-2,101호 (탑동,동원)",010-4036-2634
(서울중랑)휴대폰성지 폰통령 중랑,37.601020,127.102211,"서울 중랑구 용마산로118길 31,1층 (망우동)",010-7273-6978
(서울동대문)휴대폰성지 폰통령 동대문점,37.571680,127.069837,"서울 동대문구 장한로 119,108호 (장안동,삼성쉐르빌) 1층 (장안동,장안삼성쉐르빌)",010-8001-0553
(서울중랑)제이에이치컴퍼니_면목동,37.581948,127.091359,"서울 중랑구 면목로48길 48,(면목동,면목동교회)",010-7731-2004
(경기평택)피엔제이 파트너스_안중,36.983042,126.928572,경기 평택시 안중읍 안현로서6길3,010-2334-6592
(강원원주)디에스이동통신(강원일반)_중앙,37.529448,129.116292,강원 원주시 평원로 59 디에스이동통신,010-3579-7900
(서울관악)이지디(EasyD)_봉천,37.486256,126.940829,"서울 관악구 은천로 51,1동 1층 105호 (봉천동,은호빌딩)",010-6666-0126
(경기광주)주식회사 지오피_초월(SMT),37.386392,127.287657,"경기 광주시 초월읍 경충대로 1253, 2층",010-7541-7997
(서울송파)착한가게_문정(SMT),37.477666,127.125018,"서울특별시 송파구 충민로 66, 6층 6030호",010-6666-5419
(경기화성)휴대폰성지 봉담점(에스티)_동화리,37.218899,126.970235,"경기 화성시 봉담읍 동화서북안2길 9,106호 ()",010-7776-9997
(서울광진)지오정보통신_강변(디엠탑),37.537529,127.096337,서울특별시 광진구 광나루로56길 856층 D-57호,
(서울광진)하이컴퍼니_자양,37.531386,127.080989,서울특별시 광진구 뚝섬로 644 102호,010-5564-4125
(강원원주)신화그룹 개운점(SMT),37.341436,127.971253,"강원 원주시 영랑길 2,104호 (행구동)",010-7387-6666
(강원원주)신화텔레콤_관설(SMT),37.317437,127.968181,"강원 원주시 시청로 559,201호 (관설동) 2층",010-7387-6666
(경기안산)건풍번역사_원곡동,37.329765,126.791931,"경기도 안산시 단원구  다문화1길 59 , 102호",031-495-6788
(인천남동)보담모바일 구월아시아드점_구월,37.442534,126.709751,"인천광역시 남동구 인하로 568 1층 105호, 106호",010-4800-4840
(경기남양)드림모바일_다산,37.621092,127.153146,"경기 남양주시 다산중앙로 132,137호 (다산동,다산역데시앙) 1층",010-2996-8681
(서울구로)하나정보,37.507016,126.890287,서울특별시 구로구 새말로 97 9층 46호,010-4046-2222
(경기화성)픽업폰_남양,37.213762,126.833647,"경기 화성시 남양읍 남양로862번길 13,1동 (남양시티프라디움4차(상가)) B112호",010-4150-4276
(경기성남)휴대폰성지 in 성남_중원(SMT),37.435344,127.138505,경기도 성남시 중원구 광명로 89 102호,010-6543-6752
(경기안양)안양휴대폰성지 말폰 안양역점,37.400189,126.923004,경기도 안양시 만안구 만안로 219 101호,010-9174-5892
(서울광진)휴대폰성지 폰통령 광진_자양,37.531387,127.080985,서울특별시 광진구 뚝섬로 644 102호,010-5564-4125
(서울송파)파인즈_잠실,37.510656,127.086202,"서울 송파구 석촌호수로 61,106호 (잠실동,잠실트리지움상가) 1층",010-4748-9153
(경기안산)성우모바일_와동,37.340982,126.825230,경기도 안산시 단원구 와동로 125 1층 140호,010-3333-9464
(본점소속)조현모,37.398762,126.924094,,
(경기용인)휴대폰센터(에이맨) 마북점,37.299811,127.107692,"경기 용인시 기흥구 용구대로2394번길 2, 108호 (마북동,팬아시아빌딩)",070-8211-0728
(경기안산)유하모바일_고잔,37.317182,126.838942,"경기 안산시 단원구 중앙대로 921,158호 (고잔동,동서코아) 젤루존F1층",010-9850-9003
(경기의정부)위한모바일_의정부,37.738679,127.044218,"경기도 의정부시 시민로 81,1층 101호(의정부동, 서부타워",010-6666-3629
(경기고양)휴대폰성지 따르릉통신 원흥역점(따르릉 원흥),37.650241,126.872409,"경기 고양시 덕양구 권율대로 671, 1층 121호 (원흥동,원흥역푸르지오근린생활시설",010-2385-3941
(인천남동)(주)블레스코리아_구월,37.451858,126.701849,"인천광역시 남동구 예술로 198,1층 123호(구월동,CGV 홈플러스)",010-3030-6524
(경기평택)비전폰,36.994258,127.111919,"경기 평택시 평택5로 94,1층 11호 (비전동)",031-652-5872
(인천미추)에이치에스모바일_주안,37.457713,126.681074,"인천광역시  미추홀구 경인로 372,201동 1층 1004호 아인애비뉴 상가 1층(주안동,푸레나 미추홀)",010-8200-8240
(경기구리)휴대폰성지 사자폰_교문동,37.592014,127.132071,"경기도 구리시 이문안로 7, 101호",010-4919-8154
(경기부천)에스엠정보통신_원미,37.495180,126.791747,경기도 부천시 원미로144번길 6 1층,032-656-5655
(서울양천)프라임통신_목동(SMT),37.517410,126.871088,"서울특별시 양천구 목동동로8길 15-1, 1층(신정동)",010-4143-4143
(경기광명)현재통신_소하,37.447935,126.883342,"경기 광명시 소하로 78,1층 105호 (소하동,신성프라자)",010-9429-0343
(경기수원)호박통신_세류,37.259817,127.009848,"경기도 수원시 권선구 세권로43번길 26-6, 상가동 112호(세류동,수원권선 어울림)",010-7658-9700
(경기평택)용이폰_용이,36.994815,127.135529,"경기 평택시 현신로 16,101호 (용이동) 1층",010-8078-3916
(경기화성)폰짱플러스_진안,37.215251,127.042741,"경기도 화성시 병점1로 236-12, 건물 1층(주차장 출입구 옆)(진안동,진로그린마트)",010-4027-8678
(강원원주)휴대폰면세점 원주점_관설(SMT),37.317442,127.968192,"강원 원주시 시청로 559,201호 (관설동) 2층",010-7387-6666
(경기안산)제이엔 와동점_와동,37.335239,126.829781,경기도 안산시 단원구 사세충열로 1 1층,010-4776-8937
(서울광진)이유(EYOU)_자양,37.540364,127.067857,"서울특별시 광진구 아차산로30길 7, 1층",010-5759-6848
(경기고양)에이치나인텔레콤_마두,37.654637,126.783114,"경기도 고양시 일산동구 강송로 181,상가동 1층 101호,102호,115호(일산프라자)",010-3238-4670
(경기광명)현재통신_소하(SMT),37.447964,126.883306,"경기 광명시 소하로 78,1층 105호 (소하동,신성프라자)",010-9429-0343
(경기안산)(주)스마트폰면세점 사동점(SMT),37.295624,126.851077,"경기도 안산시 상록구 후곡로 81, 101호102호103호",010-4977-3100
(경기안산)스마트폰면세점 초당점_사동(SMT),37.284938,126.853917,"경기도 안산시 상록구 초당로 57, 1층(사동) ",010-4207-5507
(경기안양)카카오폰_관양,37.402477,126.975367,"경기도 안양시 동안구 관악대로 480, 106-1호(관양동, 우정타운)",010-3752-6868
(경기화성)가람통신_새솔,37.282905,126.819014,"경기도 화성시 수노을중앙로 160, 104호(새솔동, 더드림2)",010-8213-1479
(경기화성)오산휴대폰성지 라라통신_금곡,37.163120,127.077524,"경기도 화성시 금곡로 24, 1층 (금곡동)",010-5222-6786
(서울양천)디케이모바일_신정,37.527574,126.860272,"서울특별시 양천구 신정중앙로17길 8, 101호(신정동, 더 채움)",010-5544-9000
(경기용인)대박폰(흥덕점)_영덕,37.275779,127.071888,"경기 용인시 기흥구 흥덕2로87번길 18,1층 114호 (영덕동,용인흥덕지구판매시설)",010-5675-6835
(경기용인)타임모바일_영덕,37.273901,127.073460,"경기 용인시 기흥구 흥덕2로65번길 8-14,101호",010-5001-9938
(경기수원)휴대폰성지 수원성지폰_지동,37.278454,127.029712,"경기 수원시 팔달구 중부대로 123,1층 101호 (지동,아진빌딩)",010-7773-8606
(경기부천)주식회사 와이에이 중동2점_중동,37.504431,126.769542,"경기도 부천시 길주로 243,1층 103호(중동,제일프라자)",010-8325-2555
(인천부평)주식회사와이에이부평점_부평,37.493015,126.723287,"인천광역시 부평구 부평대로20번길 2, 1층(부평동)",010-8325-2555
(강원동해)폰스토리해빈(강원일반)_동해,37.519933,129.111474,강원 동해시 한섬로 70 1층,010-5375-5878
(서울강동)엄마손통신_성내(따르릉 둔촌),37.529334,127.136278,"서울특별시 강동구 양재대로 1377, 2층 207-1호(성내동,삼원빌딩)",010-7907-5555
(경기파주)핸드폰아울렛 휴대폰성지_교하,37.728305,126.733471,"경기 파주시 교하로 79,1층 106호 (목동동,혜인프라자)",010-6467-8137
(경기광주)성원텔레콤_태전,37.388683,127.229750,"경기도 광주시 태봉로 51, 1층 132호(태전동, 성원프라자)",010-4489-4582
(경기용인)휴대폰 성지 용인폰_용인,37.153261,127.171657,"경기 용인시 처인구 남사읍 한숲로 60,2층 214호(처인프라자)",010-4993-3672
(경기화성)가람통신_새솔(SMT),37.282916,126.819011,"경기도 화성시 수노을중앙로 160, 104호(새솔동, 더드림2)",010-8213-1479
(경기용인)에이맨모바일 강남대점_구갈동,37.271580,127.126731,"경기 용인시 기흥구 강남로 9,104호 (구갈동,태평양프라자)",070-8676-7828
(경기수원)대박_수원지하,37.267660,127.000474,"경기 수원시 팔달구 덕영대로 907-65,60호 (매산로1가,지하번영회사무실)",010-3713-2137
(경기수원)휴대폰마트 성지_탑동,37.271454,126.974406,"경기 수원시 권선구 상탑로 29-8,101호 (탑동,한빛타워) 1층",010-5550-1536
(경기부천)주식회사 더드림스_고강,37.510648,126.811151,"경기 부천시 오정구 역곡로 485,1층 101호 (고강동,엘림메디칼빌딩)",010-2227-2300
(인천주안)특가폰_주안,37.457719,126.681126,"인천 미추홀구 경인로 372,1045호 (숭의동,포레나미추홀)",010-4497-6852
(경기평택)휴대폰성지 동문폰_칠원,37.026071,127.104047,"경기도 평택시 신촌2로 22비동 112호(칠원동, 맘스스퀘어)",031-668-8676
(경기하남)스마트폰면세점하남미사점_망월(SMT),37.563821,127.191700,"경기 하남시 미사강변동로 95, 제지층 제비 1046호 (망월동,힐스테이트미사역 그랑파사쥬)",010-3147-0010
(경기군포)당정모바일_당정,37.344356,126.948894,"경기도 군포시 당정역로 92, 102호, 103호(당정동,슬기빌딩)",010-3468-0611
(경기군포)수호통신_산본,37.370303,126.940138,경기도 군포시 산본천로 200-1 1층,010-7114-9881
(서울강북)휴대폰성지 강북성지폰_미아,37.618995,127.018157,"서울 강북구 삼양로27길 56,1층 (미아동) (전면출입문기준 우측점포)",010-9275-5968
(인천부평)휴대폰성지 프리스모바일  굴포천점_부평,37.504420,126.731368,인천광역시 부평구 장제로 212 1층,010-8989-0570
(경기화성)휴대폰성지 동탄성지폰_영천,37.202909,127.124337,"경기 화성시 동탄치동천로1길 8,102호 (영천동)",070-7543-7795
(경기용인)신봉휴대폰성지 휴대폰센터(에이맨)_신봉,37.323624,127.077367,"경기 용인시 수지구 신봉2로 5,1층 105호 (신봉동,에덴프라자)",010-5538-0092
(서울성동)휴대폰성지 폰통령 성동구점_금호,37.554356,127.020541,"서울 성동구 금호로 148-1,1동 1층 1호 (금호동1가)",010-9936-7795
(인천남동)주식회사 쎄븐모바일_간석,37.464271,126.714187,"인천광역시 남동구 백범로 326(간석동,1층)",010-5155-9155
(인천남구)케이티정보통신_주안,37.503752,126.672368,인천광역시 서구 가정로 214 1층,010-5155-9155
(대전서구)89통신_관저,36.303236,127.336730,"대전 서구 관저북로 15, 1층 101호(관저동, D&A프라자)",010-8311-6996
(강원원주)간지몽텔레콤(강원일반)_우산,37.370162,127.935201,강원 원주시 상지대길 68 1층 간지몽텔레콤,010-7936-7474
(강원원주)딸부자통신(강원일반)_태장,37.382018,127.955362,강원 원주시 흥양로 41층,
(강원원주)휴대폰쇼핑몰(강원열정)_우산,37.369586,127.936590,강원특별자치도 원주시 우산로 67휴대폰성지,
(강원원주)버미통신(강원일반)_남원,37.302122,127.920171,강원 원주시 흥업면 남원로 701층 버미통신(구) 봉구스 밥버거,
(강원원주)스타컴퍼니(강원일반)_무실,37.326338,127.943897,강원 원주시 시청로 84106호,
(강원원주)메이드통신(강원일반)_중앙,37.349709,127.950950,강원 원주시 중앙로 1271층,
(강원원주)화인텔레콤행구로(강원일반)_단구,37.331064,127.949738,강원 원주시 단구로 3711층,
(강원원주)광성텔레콤(강원일반)_개운,37.332091,127.947364,강원 원주시 남원로 6181층,
(강원원주)T프리미엄스토어(강원일반)_흥업,37.302906,127.920865,강원 원주시 흥업면 남원로 761층,
(강원원주)소리텔레콤(강원일반)_단구,37.320261,127.959454,강원 원주시 단관길 591층,
(강원원주)휴대폰쇼핑몰(강원열정)_명륜,37.340674,127.939562,"강원특별자치도 원주시 무실로 181, 1층",010-3262-0210
(강원원주)케이엔케이통신(강원일반)_중앙,37.350977,127.948034,강원특별자치도 원주시 원일로 130 1층 1호,010-8942-4238
(강원원주)원주휴대폰성지(강원열정)_AK점,37.346547,127.927134,"강원 원주시 서원대로 125-5, 102호(단계동)",010-2290-3015
(서울양천)(주)넥스트제너레이션모션_신월,37.522696,126.845662,서울특별시 양천구 오목로 72 101~102호,010-3925-5000
(인천계양)한우리 정보통신_계산,37.542974,126.721602,"인천광역시 계양구 계양대로 215, 108호 (신도브래뉴 아파트 상가)",010-9153-8226
(강원원주)휴대폰쇼핑몰(강원열정)_태장,37.375401,127.950581,강원 원주시 현충로 243 1층,010-4412-0040
(인천주안)에이스 정보통신_주안,37.467080,126.674225,"인천광역시 미추홀구 경원대로 지하 848, 48, 49호(주안동,석바위지하상가)",010-3306-2304
(서울강동)폰허브_둔촌,37.529664,127.138369,"서울 강동구 양재대로96길 19,102호 (둔촌동)",010-5779-4773
거종_(강원춘천)폰팔이황덕호 춘천온의점,37.870232,127.720164,,
거종_(서울은평)휴대폰 성지(지교 역촌),37.602408,126.918421,,
거종_(인천주안)특가폰_주안,37.457719,126.681126,,
보류_(강원원주)폰팔이황덕호 무실점,37.334882,127.930129,,
보류_(경기수원)미소레모바일_수원지하,37.266787,127.000803,,
보류_(경기시흥)폰포유_정왕,37.344448,126.736266,,
보류_(경기안산)미라클_초지,37.307552,126.824159,,
(서울강서)폰살롱_염창,37.549851,126.868046,"서울 강서구 공항대로 557,101동 105호 (염창동,등촌제이스카이)",010-3999-4444
(인천서구)태양정보_당하,37.584284,126.706636,"인천광역시 서구 서로3로 50, B221호(당하동, 검단신도시 모아미래도엘레트파크 단지내상가)",010-5588-5525
(서울화곡)위너 TFK 남부시장점,37.532557,126.857958,"서울 강서구 곰달래로49길 18,1층 (화곡동,박성수치과)",010-4101-1003
(서울강서)위너TFK 방화역점,37.516624,126.841855,"서울시 양천구 남부순환로 83길 17, 1층 (디저트39신월점 맞은편 휴대폰매장)",02-262-5097
(경기군포)수호통신2호점_산본,37.371574,126.942037,"경기 군포시 산본천로 224, 1층 (산본동)",010-7114-9881
(서울강서)플루투스제이_방화,37.573604,126.813680,"서울 강서구 양천로 87,1층 7호 (방화동,대일빌딩)",010-9135-5913
(경기남양주)휴대폰성지 따르릉통신 다산점_다산,37.625212,127.154928,"경기 남양주시 다산중앙로146번길 12-16,102호 (다산동,파크뷰타워)",010-7222-5347
(인천서구)신검단 휴대폰성지_불로,37.605563,126.699476,"인천 서구 금정로 12,상가1동 111호 (불로동,신검단중앙역풍경채어바니티)",010-4479-7748
(강원원주)오투통신(강원일반)_단계,37.349357,127.927029,"강원 원주시 백간공원길 14-1,1층(단계동)",010-6543-0815
(경기고양)에이치나인텔레콤_마두(블루),37.654632,126.783079,"경기도 고양시 일산동구 강송로 181,상가동 1층 101호,102호,115호(일산프라자)",010-3238-4670
(인천연수)송도성지퀸_송도,37.415494,126.626200,"인천광역시 연수구 랜드마크로 20,111동 1층 129호(송도동, 호반 써밋 송도)",010-8221-8020
(경기이천)연승통신_이천,37.115395,127.623950,"경기 이천시 장호원읍 장감로 10,1동 1층 4호 (정구영내과)",010-8080-3805
(서울강서)상승정보통신_화곡,37.541819,126.841449,"서울 강서구 화곡로 178,1호 (화곡동,연덕빌딩) 1층",010-9349-0117
(경기고양)나고라통신_장항동,37.654836,126.770804,"경기 고양시 일산동구 백마로 195, 상가동 1201호 (장항동,SK엠시티)",010-7627-9254
(경기화성)휴대폰거래소_남양,37.209654,126.832257,"경기도 화성시 남양읍 남양로 829, 1층 117호",010-8108-4125
(경기화성)휴대폰성지 최싸폰 동탄점_영천,37.206868,127.110262,"경기 화성시 동탄순환대로 697,102호 (영천동,주상복합)",010-5847-0100
(인천남동)청사단텔레콤_간석,37.460993,126.708807,"인천 남동구 남동대로 880,1층 2호 (간석동,올리브아울렛)",010-2323-3323
(경기화성)_수 글로벌 남양점_남양,37.201362,126.825607,경기도 화성시 남양읍 시청로 107 1동 1층,010-2368-8224
(서울송파)휴대폰성지 잠실점(따르릉 잠실),37.511373,127.085010,"서울특별시 송파구 올림픽로 130, 1층",010-2517-9994
(경기안양)행복에리_관양,37.404460,126.957221,경기도 안양시 동안구 관평로 315 1층 101호,010-9393-2093
(경기광명)휴대폰성지 판다폰 광명점_광명,37.472956,126.854794,"경기도 광명시 새터로 44-7, B3층 104호(광명동, 광명아크포레자이위브 단지내상가 1단지)",010-5777-5511
(경기시흥)시흥 휴대폰성지 판다폰 목감점_산현,37.374259,126.843355,"경기도 시흥시 목감남서로 92-12, 1층 106호(산현동, 호수품애)",010-3937-6989
(서울금천)휴대폰성지 불꽃모바일 금천점_독산,37.457011,126.900476,"서울특별시 금천구 시흥대로 411, 1층 101호(독산동, 청소년회관)",010-9016-5437
(인천계양)휴대폰성지 판다폰 작전점_작전,37.527220,126.722792,"인천광역시 계양구 계양대로 38, 101호",010-9231-8003
(인천남동)휴대폰성지 판다폰 만수점_만수,37.460704,126.723162,"인천광역시 남동구 백범로 236, 1층",010-2758-8988
(인천미추홀)휴대폰성지 판다폰 주안역점_주안,37.465850,126.682118,"인천광역시 미추홀구 염창로 73, 113(주안동, 행복마을아파트 1층 상가)",010-4382-5524
(인천서구)휴대폰성지 판다폰 청라점_청라,37.537401,126.644346,"인천광역시 서구 청라커낼로 323, 102호(청라동)",010-4341-8283
(인천연수)휴대폰성지 판다폰 송도점_송도,37.391024,126.648125,"인천광역시 연수구 해돋이로 107,H동 상가 1층 50호(송도동, 송도 더샵퍼스트월드)",010-8432-5382
(인천중구)휴대폰성지 판다폰 골든모바일_운서,37.492312,126.498780,"인천광역시 중구 영종대로 184, 101호(운서동, 예스타워17)",010-8220-5255
(인천중구)휴대폰성지 판다폰 골든모바일_중산,37.491099,126.558716,"인천광역시 중구 하늘별빛로 111, 제상가동 제지1층 B109호(중산동, 스카이시티자이)",010-8220-5255
(경기시흥)시흥 휴대폰성지 판다폰 장현능곡점_능곡,37.370906,126.807320,"경기도 시흥시 장현능곡로 155, 1104호(능곡동, 시흥 플랑드르)",010-5500-0438
(경기부천)휴대폰성지 판다폰 옥길점_옥길,37.467852,126.824171,"경기 부천시 소사구 양지로 205, 1층 120호(옥길동, 부천옥길 서영아너시티2)",010-8726-5798
(경기안성)휴대폰멀티샵 안성대림점,37.000589,127.172982,경기 안성시 공도읍 공도로 109 1층,010-4622-9877
(강원원주)나라COMPANY(강원일반)_단계,37.345626,127.932187,"강원 원주시 북원로 2235-4,1층 120호 (단계동,타임시티)",010-2405-9533
(경기광명)휴대폰 성지 메가폰 철산점_철산,37.486909,126.873483,"경기 광명시 서부샛길 778,1동 103-1호 (철산동,디오스텔가산) ",010-2543-5752
(경기수원)와이에이치모바일_금곡,37.275097,126.954756,"경기 수원시 권선구 금곡로 225,112호 (금곡동)",010-4010-8802
(경기시흥)휴대폰성지 판다폰 정왕점_정왕,37.363929,126.731357,"경기도 시흥시 함송로29번길 7, 103호(정왕동, 현대프라자)",010-3718-8488
(경기시흥)휴대폰성지 판다폰(은계점)_은행,37.435588,126.802715,"경기도 시흥시 은계남로 12, 112호(은행동, 시흥은계  호반 써밋플레이스)",010-3228-8882
(경기안양)주식회사 유광_호계,37.258795,127.042280,"경기 수원시 영통구 효원로 374, 104호, 105호(매탄동,주공프라자) 104,105호",010-3211-2760
(경기이천)연승통신(강원일반)_이천,37.115356,127.623957,"경기 이천시 장호원읍 장감로 10,1동 1층 4호 (정구영내과)",010-8080-3805
(서울강서)아마존_마곡,37.568215,126.840375,"서울특별시 강서구 양천로 344, 130호(마곡동, 대방 디엠시티 오피스텔 1차)",010-2397-8303
(서울동작)채움_신대방,37.486302,126.905264,"서울특별시 동작구 시흥대로 606, 판매실설동 131호(신대방동, 동작현성휴포레 시그니처)",010-7330-5568
(인천남동)휴대폰성지 판다폰 구월점_구월,37.454438,126.711720,"인천광역시 남동구 구월로 212, 1층 132호(구월동, 힐캐슬프라자)",010-8867-0510
(인천서구)휴대폰성지 판다폰 검단점_원당,37.594216,126.714310,"인천광역시 서구 이음5로 60, 121호(원당동, JS프라자)",010-9591-8527
(인천용현)휴대폰성지 판다폰 용현점_용현,37.449599,126.645474,"인천광역시 미추홀구 용정공원로 33, A-2동 103호(용현동, 인천 SK Sky VIEW)",010-9000-8399
거종_(경기안양)폰스토리 박달점,37.404276,126.898798,"경기도 안양시 만안구 박달로 522, 1층",010-2468-7986
거종_(서울송파)원텔레콤(송파1호점),37.496462,127.111919,"서울 송파구 송파대로 201,비동 B122호",010-5007-3524
(경기안양)폰 스토리 박달점_박달,37.404276,126.898798,"경기도 안양시 만안구 박달로 522, 1층",010-2468-7986
(서울구로)하나정보(블루),37.506974,126.890319,서울특별시 구로구 새말로 97판매동 9층 47호,
(경기수원)주식회사 유광_매탄,37.258843,127.042262,"경기 수원시 영통구 효원로 374, 104호, 105호(매탄동,주공프라자) 104,105호",010-3211-2760
(서울송파)온마을 트리지움점(파인즈),37.510649,127.086224,"서울 송파구 석촌호수로 61,106호 (잠실동,잠실트리지움상가) 1층",010-4748-9153
(서울송파)원텔레콤(송파점),37.496462,127.111919,"서울특별시 송파구 송파대로 201, 비동 1층 122호(문정동, 송파 테라타워2)",010-5007-3524
(경기안양)지수통신_비산,37.396455,126.948824,"경기도 안양시 동안구 동안로 194, 106호",010-9543-1414
(경기오산)휴대폰성지 원동폰_원동(제로10팀),37.146578,127.075874,경기도 오산시 대원로 65 1차 106호,031-376-8678
(경기의왕)은하통신_오전,37.359123,126.967998,"경기도 의왕시 오전ehd 104-10 ,107",010-9995-5999
(경기평택)휴대폰성지 더싼집_고덕(제로5팀),37.068202,127.059214,경기도 평택시  특구로27번길 73,031-663-8676
(경기평택)휴대폰성지 동문폰_칠원(제로7팀),37.026071,127.104047,"경기도 평택시 신촌2로 22비동 112호(칠원동, 맘스스퀘어)",031-668-8676
(경기평택)휴대폰성지 동삭폰_동삭(제로6팀),37.019041,127.102123,경기도 평택시 상서재로 50 416동 102호,031-655-8676
(경기평택)휴대폰성지 서정폰_서정(제로4팀),37.062745,127.057759,"경기도 평택시 송탄로 220 103호, 104호 (서정동 BK프라자)",031-662-8678
(경기평택)휴대폰성지 송북폰_독곡(제로8팀),37.080630,127.064239,"경기 평택시 지산로 85,1층 (독곡동,우남빌딩)",031-611-9007
(경기평택)휴대폰성지 송탄폰_지산(제로3팀),37.077708,127.064994,"경기도 평택시 송탄공원로 146, 상가동 1층",031-662-8676
(경기평택)휴대폰성지 제로모바일_고덕(제로2팀),37.070845,127.059302,"경기 평택시 서정북로 88,1층 (서정동,북두칠성)",031-8029-5466
(경기평택)휴대폰성지 평택폰_고덕(제로9팀),37.082902,127.062903,"경기 평택시 지산천로 40,상가동 101호 (독곡동,아주2차아파트)",031-667-8677
(경기평택)수글로벌 청북점_평택,37.018274,126.915651,"경기도 평택시 청북읍 안청로 340, 1층 103호",010-2368-8224
(경기이천)이천 휴대폰성지 서희통신_중리,37.277544,127.442388,"경기 이천시 어재연로 2,(중리동,유림측량)",010-3849-4916
(경기안산)와이에이모바일_초지,37.308801,126.816358,"경기 안산시 단원구 광덕1로 61,110호 (초지동,신명프라자)",010-2399-6037
(본점소속)이현동,37.398762,126.924094,,
(경기여주)이피엘통신(강원일반)_홍문동,37.290006,127.634079,경기도 여주시 소양로 113 101호,010-5856-4211
(인천서구)행운텔레콤_가좌,37.494228,126.671345,"인천 서구 가정로 107,1층 2호 (가좌동)",010-7707-7565
(경기수원)미소레_수원지하,37.266720,127.000856,"경기도 수원시 팔달구  덕영대로 지하 907-65 ,64호 ",02-2284-2648
(경기화성)픽업폰세마역점_화성,37.188823,127.041411,"경기 오산시 독산성로 425,114호 (세교동,더퍼스트타워세교)",010-4150-4276
(경기안산)주식회사 스마트폰면세점상록점_본오,37.299830,126.865083,"경기 안산시 상록구 본삼로 38,4동 106호 (본오동)",010-5168-3846
(인천계양)써니텔레콤_작전,37.530960,126.725667,"인천광역시 계양구 봉오대로 691, 1동 101호",010-5025-8209
(서울송파)온마을 석촌고분점(디엔컴퍼니),37.501842,127.095275,"서울 송파구 백제고분로32길 5,1층 (삼전동)",010-5899-1783
(경기안산)주식회사 폰오션_월피,37.330109,126.850919,"경기 안산시 상록구 충장로 584,1층(월피동)",010-9012-7957
(경기화성)진성폰1호점_남양,37.213606,126.833693,"경기 화성시 남양읍 남양로862번길 13,1동 (남양시티프라디움4차(상가)) B112호",010-4150-4276
(경기오산)진성폰2호점_세교,37.188825,127.041420,"경기 오산시 독산성로 425,114호 (세교동,더퍼스트타워세교)",010-4150-4276
(인천서구)휴대폰성지패밀리모바일루원점_가정,37.526823,126.666385,"인천 서구 봉오재3로 66,1동 107호 (가정동,루원시티프라디움)",010-3386-1243
(인천서구)스마트폰&태블릿 자가수리공간_청라,37.533712,126.655735,"인천 서구 청라에메랄드로 99,B동 9호 (청라동,지젤엠청라)",010-2266-9300
(서울구로)와이지_구로(환희),37.506974,126.890319,"서울 구로구 새말로 97,판매동 136호 (구로동,신도림테크노마트)",010-8888-9932
(경기고양)주식회사 에이원네트웍스_행신,37.613423,126.832666,"경기도 고양시 덕양구 무원로 6, 104호(행신동, 무원빌딩)",010-3135-5454
(경기안양)휴대폰성지 폰스팟 안양점_안양,37.405153,126.919310,"경기도 안양시 만안구 만안로 284, 1층 106호",010-5496-5327
(서울관악)핸드폰성지 폰공략_신림,37.484571,126.934329,"서울 관악구 남부순환로 1652, 2층 전부(신림동)",010-2393-6958
(인천서구)케이티정보통신_주안,37.503746,126.672355,"인천광역시 서구 가정로 214, 승원빌딩 1층",010-5155-9155
(경기용인)폰온_김량장,37.235680,127.208392,경기도 용인시 처인구 금령로 109(김량장동),010-2741-0020
(경기양주)주식회사 강한_옥정,37.815016,127.096543,"경기도 양주시 옥정동로3길 42, 103호",010-5355-1304
(서울양천)케이모바일(목동사거리점),37.532563,126.864033,"서울 양천구 등촌로 28,1층 (목동,성심빌딩)",010-2026-2742
(경기수원)나린모바일_망포,37.245130,127.052430,"경기도 수원시 영통구 덕영대로 1478,  1층 116호",010-5003-2996
(경기화성)휴대폰특판매장 성지폰_화성,37.225148,126.924441,경기도 화성시 봉담읍 삼봉안3길 6-5 B동 1층 124호,010-7474-7499
(경기화성)케이모바일_목동,37.183117,127.124236,"경기도 화성시 동탄순환대로18길 16, 106호",010-5818-8341
(경기권선)스타텔레콤_탑동,37.271649,126.975538,"경기 수원시 권선구 상탑로39번길 12-2, 101호(탑동, 동원)",010-5001-9938
(경기화성)씨케이(ck)모바일 2호점_산척,37.167019,127.130127,"경기도 화성시 동탄순환대로12길 85, 지1층 비101,102호",010-2288-2896
(경기화성)시원모바일_청계,37.199226,127.114274,"경기도 화성시 동탄대로시범길 134, 지1층 30호",010-7210-0336
(경기화성)대한모바일_목동,37.182684,127.124302,"경기도 화성시 동탄순환대로20길 118, 109호",010-7507-0201
(경기화성)몽페쉬모바일_목동,37.182684,127.124302,"경기도 화성시 동탄순환대로20길 118, B동 1층 114호",010-5818-8341
(경기화성)더킹_청계,37.199178,127.114268,"경기도 화성시 동탄대로시범길 134, 판매시설 1층 1071호",010-4333-7119
(경기양주)더 나은 성지모바일_옥정,37.814615,127.089673,"경기 양주시 옥정로 139,111호 (옥정동,다올스퀘어)",010-3534-7541
(인천서구)휴대폰성지 폰킹 검단점_불로,37.604762,126.699326,"인천 서구 금정로 12,상가1동 111호 (불로동,신검단중앙역풍경채어바니티)",010-4479-7748
(서울강동)에이비씨모바일_천호,37.549009,127.129693,"서울특별시 강동구 올림픽로92길 66, 102호",010-5018-6085
(본점소속소매)호계사거리점,37.383426,126.947500,경기 안양시 동안구 경수대로 535,
(강원원주)원주휴대폰성지(강원열정)_무실,37.334344,127.929943,"강원특별자치도 원주시 능라동길 48, 1층 109호(무실동, 씨네프라자)",010-8080-9914
(강원동해)동해폰(강원일반)_천곡,37.524292,129.110834,"강원 동해시 천곡로 49-1,1층 1호 (천곡동,프로월드컵)",010-5745-0111
(경기의정부)의정부휴대폰성지_호원,37.711605,127.047302,"경기 의정부시 평화로 221-2,(호원동) 1층",010-7770-9773
(경기하남)샐리(스마트폰면세점 하남미사점)_망월(SMT),37.563800,127.191800,"경기 하남시 미사강변동로 95, 제지층 제비 1046호 (망월동,힐스테이트미사역 그랑파사쥬)",010-3147-0010
(인천남동)휴대폰성지 판다폰 논현점_논현,37.402510,126.731900,"인천 남동구 소래역서로 4,101호 (논현동)",010-5840-0443
(경기의정부)의정부휴대폰성지_호원,37.711630,127.047300,"경기 의정부시 평화로 221-2,(호원동) 1층",010-7770-9773
(인천미추홀)루나모바일_숭의,37.463760,126.647300,"인천 미추홀구 경인로 38, 101호 (숭의동, 다우림 201동)",010-2527-2149
(경기화성)정남산단 휴대폰성지_화성,37.142680,127.029800,"경기 화성시 정남면 정남산단로 142-24, 1층 112호",010-7473-0073
(인천계양)삼남매휴대폰_작전,37.531090,126.725700,"인천광역시 계양구 봉오대로 691, 1동 101호",010-5025-8209
(인천서구)케이티정보통신_석남,37.503920,126.672400,"인천광역시 서구 가정로 214, 승원빌딩 1층",010-5155-9155
(서울양천)탑티어통신(목동시장점)_목동,37.548360,126.866800,"서울 양천구 목동중앙북로 29,104호 (목동)",010-3333-7836
(경기용인)스마트폰면세점 마평점_마평,37.235660,127.210800,"경기도 용인시 처인구 금령로 129, 1층",010-2745-0040
(서울광진)지오정보통신_강변(디엠),37.535870,127.095800,"서울 광진구 광나루로56길 85,(구의동,테크노-마트21) D57호(구의동,테크노-마트21)",010-3366-0399
(경기고양)핸드폰아울렛휴대폰성지일산역점_일산,37.684680,126.770300,"경기 고양시 일산서구 고양대로 667-1,1동 1호 (일산동)",010-9300-8137
(서울금천)휴대폰성지 인생네폰 가산점_가산,37.468550,126.887700,"서울 금천구 가산디지털1로 24, 101호 (가산동,대륭테크노타운13차)",010-8721-4598
(인천연수)비제이모바일_송도,37.385210,126.662200,"인천 연수구 송도과학로 27번길 15, 상가 101호",032-765-8011
(경기안성)진앤폰_안성,36.999120,127.169800,"경기 안성시 공도읍 고무다리길 5,1호 (중앙빌딩)",
(서울구로)주식회사 정직폰_구로,37.507130,126.890300,"서울 구로구 새말로 97,",010-3357-9994
(서울금천)휴대폰성지 정직폰 금천점_가산,37.485570,126.880000,"서울특별시 금천구 가산디지털1로 226, 1층 2호(가산동, 에이스하이엔드타워5차)",010-5888-4884
(경기화성)쿼드통신 화성점_오산,37.195670,127.097100,"경기 화성시 동탄역로 102, 0호 (오산동,동탄린스트라우스더센트럴) 동탄역 린스트라우스 판매시설 1층 1059",010-9645-4528
(경기안산)휴대폰성지 정직폰 안산_고잔,37.317350,126.838300,경기도 안산시 단원구 중앙대로 915 2층 35호,010-4608-9727
(경기시흥)휴대폰성지 정직폰 시흥점_배곧,37.368360,126.730700,"경기도 시흥시 서울대학로278번길 61, 1층  제씨-27호(배곧동, 서영베니스스퀘어)",010-5514-9727
(서울강서)휴대폰성지 정직폰 강서점_마곡,37.561400,126.810200,"서울특별시 강서구 공항대로 26, 1층 104호(마곡동, 발산파크프라자)",010-3357-9994
(인천부평)휴대폰성지 정직폰 인천부평점_부평,37.485760,126.729400,인천광역시 부평구 동수로 36상가2동 1층 126호,010-8869-0337
(서울마포)휴대폰성지 정직폰 마포점_용강,37.542580,126.941900,"서울 마포구 토정로31길 23, 121동 1층 109호 (용강동, 래미안마포리버웰)",010-2354-9557
(서울은평)휴대폰 성지 정직폰 은평점2_녹번,37.606750,126.923400,"서울특별시 은평구 진흥로 114, 1층 103호(녹번동, 에스클래스)",010-5555-3234
(서울양천)논스톱컴퍼니_신정,37.526300,126.863300,서울특별시 양천구 오목로 2331층 2호,010-7774-1657
(경기양주)정직한 휴대폰 양주성지_옥정,37.821120,127.096700,"경기도 양주시 옥정동로 212, 상가동 109호 전부(옥정동, 제일풍경채레이크시티1단지)",010-8677-1730
(경기남양주)주식회사 더트리플 남양주점_평내,37.645500,127.234200,"경기도 남양주시 평내로29번안길 30, 1층 101호(평내동, 이우빌딩)",010-5514-9727
(경기용인)휴대폰365아울렛_김량장,37.235180,127.195900,"경기도 용인시 처인구 중부대로 1357, 1층 (김량장동)",010-5849-8025
(경기고양)휴대폰성지 폰킹 지축점_지축,37.649590,126.914900,"경기 고양시 덕양구 지축로 62 ,1층 116호 (지축동,아인시티)",010-2222-9216
(경기구리)시우모바일_갈매,37.626310,127.112300,"경기도 구리시 갈매순환로 17, 1층 104호(갈매동)",010-8381-9210
(경기수원)휴대폰 파는 총각_화서,37.281690,126.996800,"경기 수원시 팔달구 화양로 38,(화서동,진성당약국)",010-2442-4480
(인천서구)모바일하우스_가정,37.520000,126.673900,"인천 서구 석곶로 26-1,1층 1호 (가정동)",010-3130-9170
(경기부천)소새울_소사,37.472760,126.798500,"경기도 부천시 은성로68번길 59, 1층",010-3307-8272
(서울광진)휴구정_구의(디엠),37.535850,127.095800,"서울 광진구 광나루로56길 85, 6층 B-058호 (구의동,테크노-마트21)",010-3366-0399
(경기송파)미라클_장지,37.474910,127.142800,"서울특별시 송파구 위례광장로 290, 상가동 1층 117호(장지동, 위례중앙푸르지오2단지)",010-5011-9285
(경기안양)프라임통신_석수,37.416660,126.913700,"경기 안양시 만안구 경수대로 1207,114호 (석수동,삼원상가)",010-5003-3550
(서울강동)휴대폰성지_성내(따르릉 둔촌),37.529480,127.136300,"서울특별시 강동구 양재대로 1377, 2층 207-1호(성내동,삼원빌딩)",010-2423-5217
(경기수원)휴대폰성지 폰스팟 광교점_원천,37.272060,127.060400,"경기 수원시 영통구 광교호수공원로 20,B1-47호 (원천동,더샵광교레이크시티)",010-2709-0068
(서울관악)정직한총각폰_봉천,37.475510,126.965800,"서울 관악구 인헌2길 19, 1층 일부호 (봉천동)",010-5568-1626
(서울강남)온마을 수서점(파인즈),37.488190,127.101800,"서울 강남구 밤고개로1길 10,B동 243호 (수서동,수서현대벤쳐빌) ,244호",010-4748-9153
(경기화성)화성휴대폰성지볼트모바일봉담점_봉담,37.227430,126.945400,"경기 화성시 봉담읍 상리2길 97,0동 117호 (지움프라자I)",010-7970-8977
(서울양천)위너 신월점_신월,37.516677,126.841900,"서울 양천구 남부순환로83길 17,상가동 B01호 (신월동,목동센트럴아이파크위브1단지) 상가동 지하1층 1-54",010-4310-4100
(경기수원)가온이동통신_정자,37.292490,126.999300,"경기도 수원시 장안구 수성로261번길 62,  1층(정자동)",010-7774-0785
(경기수원)모바일샵_금곡,37.272620,126.939800,"경기도 수원시 권선구 금곡로 46, 가상가동 1층 106호, 107호(금곡동, 수원호매실휴먼시아5단지아파트)",010-5452-6309
(경기화성)엠에스모바일 봉담점_병점,37.208190,127.043400,"경기도 화성시 병점2로 65, 지하1층 1호 휴대폰코너",010-8383-3081
(경기안산)스마트폰면세점 본오점_본오,37.288300,126.864100,"경기 안산시 상록구 샘골로 48,1층 101호 (본오동)",010-5220-0292
(경기남양주)다산드림모바일_다산,37.621740,127.153100,"경기 남양주시 다산중앙로 132, 1층 137호",010-9109-4995
(경기화성)휴대폰성지 만세성지폰_새솔,37.283540,126.818500,경기도 화성시 꽃내음1길 19-221동 1층 110호,010-2211-4221
(서울송파)온마을 방이점(파인즈)_방이,37.510640,127.116600,"서울 송파구 백제고분로48길 34,(방이동) 1층",010-4748-9153
(경기수원)휴대폰 성지 싸당 수원점_고등,37.274430,126.998900,"경기 수원시 팔달구 팔달로 53,1층 107호 (고등동)",
(경기평택)휴대폰성지 고덕폰_고덕,37.040590,127.029400,"경기 평택시 고덕로1길 8,105호 (고덕동) ,106호",010-4848-5872
(경기수원)매니아텔레콤_매산,37.275860,127.016400,"경기도 수원시 팔달구 덕영대로 지하 907-65, 4호(매산로1가, 수원역전지하상가)",010-4889-4455
(경기광명)휴대폰성지따르릉통신철산역점_철산,37.479730,126.866800,"경기도 광명시 시청로 50, A동 1층 112호",010-9879-4169
(경기안산)오라컴퍼니_원곡,37.328870,126.789400,"경기도 안산시 단원구 다문화1길 3, 101호(원곡동)",010-2575-0088
(경기시흥)휴대폰성지 휴대폰참잘하는집_은행,37.436730,126.801700,"경기 시흥시 은계번영길 1,1층 104호 (은행동,태산W타워)",010-9721-7186
(경기화성)_수글로벌 남양점_남양,37.201550,126.825600,경기도 화성시 남양읍 시청로 1071동 1층,010-2368-8224
(인천연수)판다폰_송도 타스점,37.385330,126.641500,"인천 연수구 인천타워대로132번길 9,상가동 133호 (송도동,롯데몰송도캐슬파크) ,134호",010-5840-0443
인천휴대폰성지 판다폰 논현점,,,,
(인천부평)휴대폰 성지 싸당 인천점_부평,37.489850,126.722700,"인천 부평구 광장로 16,1층 14호 (부평동,롯데쇼핑롯데마트부평역점)",010-8465-8995
(경기광주)경기광주휴대폰성지_쌍령,37.400770,127.272700,"경기 광주시 경충대로 1468-6, 101호 1층 (쌍령동) ",010-9641-7997
(경기안산)스마트폰면세점(한양대점)_사동,37.301690,126.840500,"경기도 안산시 상록구 한양대학로 26-1, 101호",010-2949-7591
(경기부천)휴대폰성지 올인폰 부천역점_심곡,37.472930,126.817000,"경기 부천시 소사구 성주로243번길 43,1층 103호 (심곡본동,파크빌딩)",010-8200-9632
(경기화성)휴대폰 성지 싸당 화성점_영천,37.210660,127.099600,"경기 화성시 동탄대로 636-14,상가동D동 114호 (영천동,동탄역 대방디엠시티 더 센텀) 상가동D동 B114호",010-5895-5645
(경기용인)휴대폰성지_김량장,37.235220,127.206000,경기도 용인시 처인구 금령로 86 1층,010-5849-8025
(경기평택)휴대폰 성지 싸당 평택점_비전,37.000510,127.095700,경기도 평택시 평택2로 1301동 2호,010-2999-0001
(경기화성)수글로벌_영천,37.207510,127.111000,"경기도 화성시 동탄순환대로 702, 1층 106호,107호",010-2368-8224
(인천미추홀)에이치에스모바일_주안,37.460790,126.698600,"인천광역시 남동구 석산로62번길 2, 1층(간석동)",010-8200-8240
(경기평택)휴대폰성지 초심도매폰 장당_이충,37.051780,127.056400,경기도 평택시 송탄로 70 104호,010-9744-4442
(경기김포)휴대폰성지 정직폰 김포점_걸포,37.632850,126.704500,"경기 김포시 걸포2로 21,1층 (걸포동,김포파인스타2차)",010-8869-0337
(인천서구)나누리통신3호점_석남,37.509380,126.670700,"인천 서구 길주로75번길 30,1층 (석남동,석남상가)",010-9119-9024
(경기수원)더제이엔씨_권선,37.249430,127.022500,"경기도 수원시 권선구 덕영대로 1205, 1층  101호, 도매폰센터",010-9288-8724
(경기오산)휴대폰성지 대찬폰_고덕,37.164760,127.055500,"경기 오산시 죽담1로  29, 107호",010-7560-5585
(인천중구)태경모바일_용동,37.473360,126.631800,"인천 중구 큰우물로 14-1,1층 (용동)",010-8788-9929
(경기시흥)탑통신_월곶,37.093670,126.737400,"경기 시흥시 월곶중앙로70번길 3,상가동 1층 115호 (월곶동,풍림1차아이원단지내제주상가)",010-9200-1013
(경기화성)폰싼집5_장지,37.162000,127.110200,"경기도 화성시 동탄대로4길 39, 1층 106호",010-5522-5295
(경기평택)휴대폰 성지 청북폰_청북,37.018170,126.915800,"경기 평택시 청북읍 안청로 336, 1층 110호 (골드테라스)",010-4993-3672
(경기평택)휴대폰 성지 포승폰(제로12팀),36.988630,126.845500,"경기 평택시 포승읍 여술4길 2, 1층 상가",010-4993-3672
(경기화성)수글로벌 발안점_향남,37.132260,126.907900,"경기도 화성시 향남읍 3.1만세로 1101-1, 1층",010-2368-8224
(서울강남)수서텔레콤_수서,37.488200,127.101800,"서울특별시 강남구 밤고개로1길 10, 713 수서현대벤처빌 b 235호",010-4366-4000
(경기오산)스마트폰면세점 세교점_탑동,37.135870,127.050500,"경기 오산시 초평중앙로 22,101호 (탑동)",010-7700-4623
(서울강서)휴대폰성지 메카폰 화곡본점_화곡,37.541280,126.840600,"서울특별시 강서구 강서로 161,1층 103호",010-2168-3359
(서울마포)대산 이대역점_대흥,37.556520,126.945700,"서울특별시 마포구 대흥로 193, 1층 일부호(대흥동)",010-2222-8706
(경기수원)휴대폰성지 착한폰 수원곡반점_곡반정,37.237560,127.030500,"경기 수원시 권선구 곡반정로 160,137호 (곡반정동,라퍼스트)",010-7979-0809
(경기평택)휴대폰 성지 남부폰_고덕,37.066010,127.058300,"경기 평택시 송탄로 247,1층 (서정동,가구할인마트) 105.106호(서정동)",010-4993-3672
(경기용인)두총각폰_김량장,37.235870,127.207000,"경기 용인시 처인구 금령로 97,1층",010-9482-9453
(서울송파)미라클_장지,37.474910,127.142800,"서울특별시 송파구 위례광장로 290, 상가동 1층 117호(장지동, 위례중앙푸르지오2단지)",010-5011-9285
(서울서초)휴대폰성지 정직폰 서초점_방배,37.491410,126.988900,"서울 서초구 서초대로19길 77,상가 13호 (방배동, 레미안원페를라)",010-3120-3357
(서울광진)해동_구의,37.535890,127.095800,"서울 광진구 광나루로56길 85, 6층 d28호 (구의동,테크노-마트21)",010-4965-4949
(서울양천)메카폰 목사랑시장점_목동,37.539310,126.866300,"서울특별시 양천구 목동중앙본로7길 45, 105호",010-2714-8800
(경기부천)(MS)텔레콤_원미,37.492900,126.791100,"경기 부천시 원미구 원미로 114,1층 2호 (원미동)",010-3033-2232
(경기수원)다쏜다 화서스타필드점_정자,37.289340,126.990300,"경기 수원시 장안구 수성로157번길 60,상가동 111호 (정자동,화서역푸르지오브리시엘)",010-3940-4022
(경기수원)진성폰3호 오목천점,37.233830,126.977800,"경기 수원시 권선구 서수원로47번길 11,1층 108호 (오목천동)",010-6579-0063
(경기안양)다인플러스_안양,37.392590,126.909700,"경기 안양시 만안구 병목안로 127,102호 (안양동,새동산빌딩)",010-5858-9835
(경기안산)다올_일동,37.309670,126.869600,"경기 안산시 상록구 안산대학로 106,102호 (일동)",010-8080-1359
(서울송파)온마을 거여점(디엔컴퍼니),37.493740,127.144900,"서울 송파구 거마로 6,1층 (거여동)",010-5899-1783
(인천서구)휴대폰성지 핫폰 검단점_당하,37.594190,126.670200,"인천 서구 원당대로 966,상가A동 173호 (당하동,검단역금강펜테리움더시글로1차)",010-9575-4728
(경기부천)제이디모바일(부천역점)_심곡본동,37.483670,126.781000,"경기도 부천시 경인로 231, 1층 77호",010-2224-9984
(서울강서)제이디모바일(화곡본동시장점)_화곡,37.543960,126.843100,"서울특별시 강서구 화곡로 203,1층",010-2224-9984
(경기부천)제이디모바일(송내점)_상동,37.491470,126.752900,"경기도 부천시 상일로 96,1층 104호",010-2335-1766
(경기수원)리치컴퍼니_영화,37.289890,127.001100,"경기도 수원시 장안구 수성로262번길 2, 104호",010-5747-8077
(경기안산)든든모바일_건건,37.305210,126.902000,경기도 안산시 상록구 건건로 41 1층,010-4020-8484
(경기군포)영산업_산본,37.360620,126.930600,"경기도 군포시 산본천로 62, 1층 102호",010-9699-0072
주식회사 따르릉통신,37.502800,127.111400,"서울 송파구 가락로 139-1,",010-2890-5214
(인천서구)휴대폰성지 따르릉통신 검단점_원당,37.613970,126.685500,"인천 서구 이음대로 392, 120호 (원당동,메트로시티)",010-9703-5230
(경기부천)휴대폰성지 메카폰 역곡역점_영천,37.485960,126.812000,"경기 부천시 원미구 부일로 740,1층 (역곡동,성운빌딩)",010-5950-0622
(서울양천)위너 목동시장점_목동,37.548440,126.866800,"서울 양천구 목동중앙북로 29,1층 104(목동)",010-4310-4100
(서울성북)휴대폰성지 성신여대점_동선,37.593620,127.017500,"서울 성북구 동소문로 113-1,1층 (동선동4가,통신기기대리점)",010-9828-8080
(경기군포)폰스토리 군포점_당점,37.344520,126.948900,"경기도 군포시 당정역로 92, 102호, 103호(당정동,슬기빌딩)",010-3468-0611
(경기안양)엠에스텔레콤_박달,37.406180,126.912200,"경기도 안양시 만안구 양화로136번길 59, 1층",010-4544-0544
(인천부평)티엔케이_일신,37.485100,126.743600,"인천 부평구 경인로1118번길 14-4,1층 (일신동)",010-8827-1922
(경기수원)네파모바일즈_매산,37.266350,127.002400,"경기 수원시 팔달구 매산로 2-10,2층 A동 14호 (매산로1가,수원역전시장)",010-9168-8974
(인천서구)휴대폰성지패밀리모바일불로점_불로,37.613360,126.688600,"인천 서구 검단로768번길 19,상가동 105호 (불로동,불로금호어울림아파트)",010-7512-7123
(서울강서)휴대폰성지메카폰까치산역점_화곡,37.534220,126.846800,"서울 강서구 강서로18길 21,101호 (화곡동) 1층 코너상가호",010-9978-2516
(경기안양)총각네텔레콤_박달,37.405140,126.909400,"경기도 안양시 만안구 양화로136번길  3, 101호",010-8000-3104
(경기군포)휴대폰성지 산본점(디애스산본점),37.360060,126.931200,"경기 군포시 산본로323번길 16-29,0동 1층 105호 (산본동,청송프라자)",010-5655-4444
(경기안산)휴대폰성지찬스폰안산선부중점_선부,37.345300,126.815200,"경기 안산시 단원구 달미로 103,1층 1호 (선부동,대일학원)",010-8228-3019
(경기용인)휴대폰성지 두총각폰2호점_김량장,37.235190,127.206000,"경기도 용인시 처인구 금령로 86, 1층",010-5849-8025
(경기용인)두총각폰1호점_김량장,37.235890,127.207000,"경기 용인시 처인구 금령로 97, 1층",010-9482-9453
(경기안양)폰스토리 평촌역점_관양,37.393150,126.962300,"경기도 안양시 동안구 관평로170번길 33, 1층 129-1호(관양동,평촌주공공이)",010-5822-5348
(경기남양주)도매폰_다산,37.605980,127.151800,경기도 남양주시 미금로19번길 9. 1층 B06호,010-4198-8123
(인천연수)버스모바일_송도,37.391230,126.648200,"인천 연수구 해돋이로 107, H동 41호",010-2421-7298
(경기군포)휴대폰성지 산본점(디에스산본점),37.360090,126.931200,경기도 군포시 산본로323번길 16-29 ,010-5655-4444
(서울양천)에스유통신_신정,37.522240,126.853400,"서울 양천구 중앙로46길 12, 101호",010-6646-5557
(서울영등포)와이엔제이part2_영등포,37.519430,126.909800,서울 영등포구 영등포로49길 2,010-5400-6934
(경기군포)폰스토리 군포점_당정,37.344510,126.948900,"경기도 군포시 당정역로 92, 102호, 103호(당정동,슬기빌딩)",010-3468-0611
(경기용인)신갈휴대폰센터 주민센터점_신갈,37.272120,127.106800,"경기 용인시 기흥구 신갈로58번길 8-1,1층 (신갈동,대림부동산)",010-8007-0035
(경기부천)성지모바일(로드샵 송내점)_송내,37.473440,126.817000,"경기 부천시 소사구 송내대로42번길 41,102호 (송내동,제일부동산)",010-2891-0000
(경기부천)다모아통신_심곡,37.478720,126.779900,경기도 부천시 소사구 성주로 2631층 2호,010-2868-5899
(인천연수)지니어스 모바일_옥련,37.424780,126.647600,"인천 연수구 독배로40번길 47,1층 107호(옥련동, 근린생활시설)",010-5585-3587
(경기부천)휴대폰성지 국밥폰 부천점_원종,37.520180,126.805900,경기도 부천시 삼작로 3971층,010-7900-5540
(경기군포)진성폰4호군포점_대야미,37.326750,126.918500,"경기도 군포시 대야1로 7,104호(대야미동)",010-4757-1560
